<?xml version="1.0" encoding="UTF-8"?><application xmlns="http://www.tibco.com/xmlns/ApplicationManagement" name="HR-USPAYROLL"><description/><contact/><NVPairs name="Global Variables"><NameValuePair><name>Adapters/HR/ZHRMD_A07/JMSOutputQueue</name><value>EU.HR.ZHRMD_A07.SAP.OUT</value></NameValuePair><NameValuePair><name>Adapters/HR/ZHR_SAPSF_INTF01/JMSInputQueue</name><value>EU.HR.ZHR_SAPSF_INTF01.SAP.IN</value></NameValuePair><NameValuePair><name>Adapters/TerminationTopic</name><value>EU.SAP.ADAPTER.TERMINATION</value></NameValuePair><NameValuePair><name>AppServer</name><value/></NameValuePair><NameValuePair><name>BW_GLOBAL_TRUSTED_CA_STORE</name><value>file:///C:/Certs</value></NameValuePair><NameValuePair><name>BridgeX/Email/EmailTo</name><value>srinvasarao.velineni@quiksilver.com;srikanth.muvva@quiksilver.com</value></NameValuePair><NameValuePair><name>BridgeX/EmpAssignmentCode</name><value>1033927</value></NameValuePair><NameValuePair><name>BridgeX/HTTPHost</name><value>qslw08v401.americas.quiksilver.corp</value></NameValuePair><NameValuePair><name>BridgeX/HTTPPort</name><value>8080</value></NameValuePair><NameValuePair><name>BridgeX/URICreateUsers</name><value>/connect_ws/user/createuser</value></NameValuePair><NameValuePair><name>BridgeX/URIDeleteUsers</name><value>/connect_ws/user/deleteuser</value></NameValuePair><NameValuePair><name>BridgeX/URIGetUsers</name><value>/connect_ws/user/getusers</value></NameValuePair><NameValuePair><name>BridgeX/URIUpdateUsers</name><value>/connect_ws/user/updateuser</value></NameValuePair><NameValuePair><name>Client</name><value/></NameValuePair><NameValuePair><name>CodePage</name><value/></NameValuePair><NameValuePair><name>Comma</name><value>,</value></NameValuePair><NameValuePairBoolean><name>DebugMode</name><value>false</value></NameValuePairBoolean><NameValuePair><name>DirLedger</name><value/></NameValuePair><NameValuePair><name>DirTrace</name><value>.</value></NameValuePair><NameValuePair><name>GatewayHost</name><value/></NameValuePair><NameValuePair><name>GatewayService</name><value>sapgw10</value></NameValuePair><NameValuePair><name>HawkEnabled</name><value>true</value></NameValuePair><NameValuePair><name>InstanceId</name><value>local</value></NameValuePair><NameValuePair><name>JmsProviderUrl</name><value>tcp://localhost:7222</value></NameValuePair><NameValuePair><name>JmsSslProviderUrl</name><value>ssl://localhost:7243</value></NameValuePair><NameValuePairPassword><name>Password</name><value>#!8Xeo3M/OVVnDBNYoUk+wp+UHLsZDX7Gj</value></NameValuePairPassword><NameValuePair><name>ProgramID</name><value>10</value></NameValuePair><NameValuePair><name>RemoteRvDaemon</name><value/></NameValuePair><NameValuePair><name>RvDaemon</name><value>tcp:7500</value></NameValuePair><NameValuePair><name>RvNetwork</name><value/></NameValuePair><NameValuePair><name>RvService</name><value>7500</value></NameValuePair><NameValuePair><name>RvaHost</name><value>localhost</value></NameValuePair><NameValuePair><name>RvaPort</name><value>7600</value></NameValuePair><NameValuePair><name>Services/FunctionalDomain</name><value>HR</value></NameValuePair><NameValuePair><name>Services/HR/EmployeeAd-HR-In/FTP/RemoteDir</name><value>./ActiveDirectory/PROD/SAPHR_to_AD/</value></NameValuePair><NameValuePair><name>Services/HR/EmployeeAd-HR-In/FTP/RemotePrefix</name><value>FromSapHr_</value></NameValuePair><NameValuePair><name>Services/HR/EmployeeAd-HR-In/FTP/TempLocalDir</name><value>D:/temp/LocalDir/</value></NameValuePair><NameValuePair><name>Services/HR/EmployeeAd-HR-In/JMS/InputQueue</name><value>EU.HR.EMPLOYEEAD.AD.IN</value></NameValuePair><NameValuePair><name>Services/HR/EmployeeAd-SAP-Out/JMS/InputQueue</name><value>EU.HR.EMPLOYEEAD.SAP.OUT</value></NameValuePair><NameValuePair><name>Services/HR/EmployeeAdpSp-HR-In/Email/Cc</name><value>christine.ithurria@quiksilver-europe.com</value></NameValuePair><NameValuePair><name>Services/HR/EmployeeAdpSp-HR-In/Email/To</name><value>carole.bogajo@quiksilver-europe.com;geraldine.arazi-caillaud@quiksilver-europe.com</value></NameValuePair><NameValuePair><name>Services/HR/EmployeeAdpSp-HR-In/JMS/InputQueue</name><value>EU.HR.EMPLOYEEADPSP.AD.IN</value></NameValuePair><NameValuePair><name>Services/HR/EmployeeAdpSp-SAP-Out/JMS/InputQueue</name><value>EU.HR.EMPLOYEEADPSP.SAP.OUT</value></NameValuePair><NameValuePair><name>Services/HR/EmployeeDatamaceBr-HR-In/FTP/RemoteDir</name><value>/HR/Datamace/</value></NameValuePair><NameValuePair><name>Services/HR/EmployeeDatamaceBr-HR-In/FTP/RemotePrefix</name><value>TRAVAIL_</value></NameValuePair><NameValuePair><name>Services/HR/EmployeeDatamaceBr-HR-In/FTP/TempLocalDir</name><value>D:/temp/LocalDir/</value></NameValuePair><NameValuePair><name>Services/HR/EmployeeDatamaceBr-HR-In/JMS/InputQueue</name><value>EU.HR.EMPLOYEEDATAMACEBR.TRAVEL.IN</value></NameValuePair><NameValuePair><name>Services/HR/EmployeeDatamaceBr-SAP-Out/JMS/InputQueue</name><value>EU.HR.EMPLOYEEDATAMACEBR.SAP.OUT</value></NameValuePair><NameValuePair><name>Services/HR/EmployeeEtemptation-HR-In/Etemptation/SFTP/RemoteDir</name><value>./quiksilver/in/</value></NameValuePair><NameValuePair><name>Services/HR/EmployeeEtemptation-HR-In/Etemptation/SFTP/RemotePrefixContract</name><value>hopctra</value></NameValuePair><NameValuePair><name>Services/HR/EmployeeEtemptation-HR-In/Etemptation/SFTP/RemotePrefixEmployee</name><value>hopempl</value></NameValuePair><NameValuePair><name>Services/HR/EmployeeEtemptation-HR-In/Etemptation/SFTP/TempLocalDir</name><value>D:/temp/LocalDir/</value></NameValuePair><NameValuePair><name>Services/HR/EmployeeEtemptation-HR-In/JMS/InputQueue</name><value>EU.HR.EMPLOYEEETEMPTATION.ETEMPTATION.IN</value></NameValuePair><NameValuePair><name>Services/HR/EmployeeEtemptation-SAP-Out/JMS/InputQueue</name><value>EU.HR.EMPLOYEEETEMPTATION.SAP.OUT</value></NameValuePair><NameValuePair><name>Services/HR/EmployeeTravel-HR-In/EuTravel/FTP/RemoteDir</name><value>./Travel/PROD/</value></NameValuePair><NameValuePair><name>Services/HR/EmployeeTravel-HR-In/EuTravel/FTP/RemotePrefix</name><value>TRAVAIL_</value></NameValuePair><NameValuePair><name>Services/HR/EmployeeTravel-HR-In/EuTravel/FTP/TempLocalDir</name><value>D:/temp/LocalDir/</value></NameValuePair><NameValuePair><name>Services/HR/EmployeeTravel-HR-In/JMS/InputQueue</name><value>EU.HR.EMPLOYEETRAVEL.TRAVEL.IN</value></NameValuePair><NameValuePair><name>Services/HR/EmployeeTravel-SAP-Out/JMS/InputQueue</name><value>EU.HR.EMPLOYEETRAVEL.SAP.OUT</value></NameValuePair><NameValuePair><name>Services/HR/EuActiveDirectorySf-AD-Out/EuAd/FTP/ArchiveRemoteDir</name><value>./ActiveDirectory/PROD/AD_To_SF/Archives/</value></NameValuePair><NameValuePair><name>Services/HR/EuActiveDirectorySf-AD-Out/EuAd/FTP/FilteredTextFiles</name><value>2\d+.*.csv</value></NameValuePair><NameValuePair><name>Services/HR/EuActiveDirectorySf-AD-Out/EuAd/FTP/RemoteDir</name><value>./ActiveDirectory/PROD/AD_To_SF/Diff/</value></NameValuePair><NameValuePair><name>Services/HR/EuActiveDirectorySf-AD-Out/EuAd/FTP/TempLocalDir</name><value>D:/temp/LocalDir/</value></NameValuePair><NameValuePair><name>Services/HR/EuActiveDirectorySf-AD-Out/JMS/InputQueue</name><value>EU.HR.EUACTIVEDIRECTORYSF.AD.OUT</value></NameValuePair><NameValuePair><name>Services/HR/EuActiveDirectorySf-AD-Out/SQL/FilteredTextFiles</name><value>2%</value></NameValuePair><NameValuePair><name>Services/HR/EuActiveDirectorySf-SF-In/JMS/InputQueue</name><value>EU.HR.EUACTIVEDIRECTORYSF.SF.IN</value></NameValuePair><NameValuePair><name>Services/HR/EuDaysOff-Hypervision-Out/EuHypervisionDaysOff/FTP/ArchiveRemoteDir</name><value>./HR/Hypervision/archive/</value></NameValuePair><NameValuePair><name>Services/HR/EuDaysOff-Hypervision-Out/EuHypervisionDaysOff/FTP/FilteredTextFiles</name><value>.+\.TXT</value></NameValuePair><NameValuePair><name>Services/HR/EuDaysOff-Hypervision-Out/EuHypervisionDaysOff/FTP/FilteredTextFilesCollection</name><value>GTA_RECU.*\.TXT</value></NameValuePair><NameValuePair><name>Services/HR/EuDaysOff-Hypervision-Out/EuHypervisionDaysOff/FTP/FilteredTextFilesPayroll</name><value>GTA_REPR.*\.TXT</value></NameValuePair><NameValuePair><name>Services/HR/EuDaysOff-Hypervision-Out/EuHypervisionDaysOff/FTP/RemoteDir</name><value>./HR/Hypervision/</value></NameValuePair><NameValuePair><name>Services/HR/EuDaysOff-Hypervision-Out/EuHypervisionDaysOff/FTP/TempLocalDir</name><value>D:/temp/LocalDir/</value></NameValuePair><NameValuePair><name>Services/HR/EuDaysOff-Hypervision-Out/EuHypervisionDaysOff/SQL/FilteredTextFiles</name><value>GTA%</value></NameValuePair><NameValuePair><name>Services/HR/EuDaysOff-Hypervision-Out/JMS/InputQueue</name><value>EU.HR.EUDAYSOFF.HYPERVISION.OUT</value></NameValuePair><NameValuePair><name>Services/HR/GlActiveDirectorySf-AD-Out/GlAd-AMERICAS/FTP/ArchiveRemoteDir</name><value>./ActiveDirectory/PROD/AD_To_SF/AMERICAS/Archives/</value></NameValuePair><NameValuePair><name>Services/HR/GlActiveDirectorySf-AD-Out/GlAd-AMERICAS/FTP/FilteredTextFiles</name><value>2\d+.*.csv</value></NameValuePair><NameValuePair><name>Services/HR/GlActiveDirectorySf-AD-Out/GlAd-AMERICAS/FTP/RemoteDir</name><value>./ActiveDirectory/PROD/AD_To_SF/AMERICAS/Diff/</value></NameValuePair><NameValuePair><name>Services/HR/GlActiveDirectorySf-AD-Out/GlAd-AMERICAS/FTP/TempLocalDir</name><value>D:/temp/LocalDir/</value></NameValuePair><NameValuePair><name>Services/HR/GlActiveDirectorySf-AD-Out/GlAd-EMEA/FTP/ArchiveRemoteDir</name><value>./ActiveDirectory/PROD/AD_To_SF/EMEA/Archives/</value></NameValuePair><NameValuePair><name>Services/HR/GlActiveDirectorySf-AD-Out/GlAd-EMEA/FTP/FilteredTextFiles</name><value>2\d+.*.csv</value></NameValuePair><NameValuePair><name>Services/HR/GlActiveDirectorySf-AD-Out/GlAd-EMEA/FTP/RemoteDir</name><value>./ActiveDirectory/PROD/AD_To_SF/EMEA/Diff/</value></NameValuePair><NameValuePair><name>Services/HR/GlActiveDirectorySf-AD-Out/GlAd-EMEA/FTP/TempLocalDir</name><value>D:/temp/LocalDir/</value></NameValuePair><NameValuePair><name>Services/HR/GlActiveDirectorySf-AD-Out/GlAd-NORTHPAC/FTP/ArchiveRemoteDir</name><value>./ActiveDirectory/PROD/AD_To_SF/NORTHPAC/Archives/</value></NameValuePair><NameValuePair><name>Services/HR/GlActiveDirectorySf-AD-Out/GlAd-NORTHPAC/FTP/FilteredTextFiles</name><value>2\d+.*.csv</value></NameValuePair><NameValuePair><name>Services/HR/GlActiveDirectorySf-AD-Out/GlAd-NORTHPAC/FTP/RemoteDir</name><value>./ActiveDirectory/PROD/AD_To_SF/NORTHPAC/Diff/</value></NameValuePair><NameValuePair><name>Services/HR/GlActiveDirectorySf-AD-Out/GlAd-NORTHPAC/FTP/TempLocalDir</name><value>D:/temp/LocalDir/</value></NameValuePair><NameValuePair><name>Services/HR/GlActiveDirectorySf-AD-Out/GlAd-SOUTHPAC/FTP/ArchiveRemoteDir</name><value>./ActiveDirectory/PROD/AD_To_SF/SOUTHPAC/Archives/</value></NameValuePair><NameValuePair><name>Services/HR/GlActiveDirectorySf-AD-Out/GlAd-SOUTHPAC/FTP/FilteredTextFiles</name><value>2\d+.*.csv</value></NameValuePair><NameValuePair><name>Services/HR/GlActiveDirectorySf-AD-Out/GlAd-SOUTHPAC/FTP/RemoteDir</name><value>./ActiveDirectory/PROD/AD_To_SF/SOUTHPAC/Diff/</value></NameValuePair><NameValuePair><name>Services/HR/GlActiveDirectorySf-AD-Out/GlAd-SOUTHPAC/FTP/TempLocalDir</name><value>D:/temp/LocalDir/</value></NameValuePair><NameValuePair><name>Services/HR/GlActiveDirectorySf-AD-Out/JMS/InputQueue</name><value>GL.HR.GLACTIVEDIRECTORYSF.AD.OUT</value></NameValuePair><NameValuePair><name>Services/HR/GlActiveDirectorySf-AD-Out/SQL/FilteredTextFiles</name><value>%.csv</value></NameValuePair><NameValuePair><name>Services/HR/GlActiveDirectorySf-SF-In/JMS/InputQueue</name><value>GL.HR.GLACTIVEDIRECTORYSF.SF.IN</value></NameValuePair><NameValuePair><name>Services/HR/SfEPA-BI-In/JDBC/FileNameFilter</name><value>%</value></NameValuePair><NameValuePair><name>Services/HR/SfEPA-BI-In/JDBC/SubsetSize</name><value>100</value></NameValuePair><NameValuePair><name>Services/HR/SfEPA-BI-In/JMS/InputQueue</name><value>GL.HR.SFEPA.BI.IN</value></NameValuePair><NameValuePair><name>Services/HR/SfEPA-SF-Out/FormHeader1</name><value>FormHeader?$format=json&amp;$filter=formTemplateId eq 261</value></NameValuePair><NameValuePair><name>Services/HR/SfEPA-SF-Out/FormHeader2</name><value>FormHeader?$format=json&amp;$filter=formTemplateId eq 262</value></NameValuePair><NameValuePair><name>Services/HR/SfEPA-SF-Out/FormHeader3</name><value>FormHeader?$format=json&amp;$filter=formTemplateId eq 999</value></NameValuePair><NameValuePair><name>Services/HR/SfEPA-SF-Out/FormTemplate</name><value>FormTemplate?$format=json</value></NameValuePair><NameValuePair><name>Services/HR/SfEPA-SF-Out/HR_Files_prefix</name><value>EPA_</value></NameValuePair><NameValuePairInteger><name>Services/HR/SfEmployee-Common/SF_Upsert_Batchsize</name><value>200</value></NameValuePairInteger><NameValuePair><name>Services/HR/SfEmployee-EuAdpFrance-In/BbgHeadquartersLocationExcludeList</name><value>5295;5296;5297;5298;5299;5300</value></NameValuePair><NameValuePair><name>Services/HR/SfEmployee-EuAdpFrance-In/CompanyIncludeList</name><value>2850;2000;2050;2120;2370;2810</value></NameValuePair><NameValuePair><name>Services/HR/SfEmployee-EuAdpFrance-In/EuAdpFrance/FTP/RemoteDir</name><value>./INTERFACES/ADP/</value></NameValuePair><NameValuePair><name>Services/HR/SfEmployee-EuAdpFrance-In/EuAdpFrance/FTP/RemotePrefix</name><value/></NameValuePair><NameValuePair><name>Services/HR/SfEmployee-EuAdpFrance-In/EuAdpFrance/FTP/TempLocalDir</name><value>D:/temp/LocalDir/</value></NameValuePair><NameValuePair><name>Services/HR/SfEmployee-EuAdpFrance-In/JMS/InputQueue</name><value>EU.HR.SFEMPLOYEE.EUADPFRANCE.IN</value></NameValuePair><NameValuePair><name>Services/HR/SfEmployee-EuEtemptationContract-In/Etemptation/SFTP/RemoteDir</name><value>./quiksilver/in/</value></NameValuePair><NameValuePair><name>Services/HR/SfEmployee-EuEtemptationContract-In/Etemptation/SFTP/RemotePrefix</name><value>hopctra</value></NameValuePair><NameValuePair><name>Services/HR/SfEmployee-EuEtemptationContract-In/Etemptation/SFTP/TempLocalDir</name><value>D:/temp/LocalDir/</value></NameValuePair><NameValuePair><name>Services/HR/SfEmployee-EuEtemptationContract-In/FilterCostCenter</name><value>(2850\d{4})|(2120\d{4})|(2120ZONO)|(20000002)</value></NameValuePair><NameValuePair><name>Services/HR/SfEmployee-EuEtemptationContract-In/JMS/InputQueue</name><value>EU.HR.SFEMPLOYEE.EUETEMPTATIONCONTRACT.IN</value></NameValuePair><NameValuePair><name>Services/HR/SfEmployee-EuEtemptationEmployee-In/Etemptation/SFTP/RemoteDir</name><value>./quiksilver/in/</value></NameValuePair><NameValuePair><name>Services/HR/SfEmployee-EuEtemptationEmployee-In/Etemptation/SFTP/RemotePrefix</name><value>hopempl</value></NameValuePair><NameValuePair><name>Services/HR/SfEmployee-EuEtemptationEmployee-In/Etemptation/SFTP/TempLocalDir</name><value>D:/temp/LocalDir/</value></NameValuePair><NameValuePair><name>Services/HR/SfEmployee-EuEtemptationEmployee-In/FilterCostCenter</name><value>(2850\d{4})|(2120\d{4})|(2120ZONO)|(20000002)</value></NameValuePair><NameValuePair><name>Services/HR/SfEmployee-EuEtemptationEmployee-In/JMS/InputQueue</name><value>EU.HR.SFEMPLOYEE.EUETEMPTATIONEMPLOYEE.IN</value></NameValuePair><NameValuePair><name>Services/HR/SfEmployee-EuEtemptationHoinaco-In/Etemptation/SFTP/RemoteDir</name><value>./quiksilver/in/</value></NameValuePair><NameValuePair><name>Services/HR/SfEmployee-EuEtemptationHoinaco-In/Etemptation/SFTP/RemotePrefix</name><value>HOINACO</value></NameValuePair><NameValuePair><name>Services/HR/SfEmployee-EuEtemptationHoinaco-In/Etemptation/SFTP/TempLocalDir</name><value>D:/temp/LocalDir/</value></NameValuePair><NameValuePair><name>Services/HR/SfEmployee-EuEtemptationHoinaco-In/FilterCostCenter</name><value>(2850\d{4})|(2120\d{4})|(2120ZONO)|(20000002)</value></NameValuePair><NameValuePair><name>Services/HR/SfEmployee-EuEtemptationHoinaco-In/JMS/InputQueue</name><value>EU.HR.SFEMPLOYEE.EUETEMPTATIONHoinaco.IN</value></NameValuePair><NameValuePair><name>Services/HR/SfEmployee-EuRetailColombus-In/Colombus/FTP/RemoteDir</name><value>/FCD/</value></NameValuePair><NameValuePair><name>Services/HR/SfEmployee-EuRetailColombus-In/Colombus/FTP/RemotePrefix</name><value>SfColombus_</value></NameValuePair><NameValuePair><name>Services/HR/SfEmployee-EuRetailColombus-In/Colombus/FTP/TempLocalDir</name><value>D:/temp/LocalDir/</value></NameValuePair><NameValuePair><name>Services/HR/SfEmployee-EuRetailColombus-In/JMS/InputQueue</name><value>EU.HR.EURETAILCOLOMBUS.CEGID.IN</value></NameValuePair><NameValuePair><name>Services/HR/SfEmployee-EuRetailCustomer-In/Cegid/FTP/RemoteDir</name><value>/Corbeilles/AchatsEtDotations/Reprise/</value></NameValuePair><NameValuePair><name>Services/HR/SfEmployee-EuRetailCustomer-In/Cegid/FTP/RemotePrefix</name><value>SF_Customer_</value></NameValuePair><NameValuePair><name>Services/HR/SfEmployee-EuRetailCustomer-In/Cegid/FTP/TempLocalDir</name><value>D:/temp/LocalDir/</value></NameValuePair><NameValuePair><name>Services/HR/SfEmployee-EuRetailCustomer-In/JMS/InputQueue</name><value>EU.HR.EURETAILCUSTOMER.CEGID.IN</value></NameValuePair><NameValuePair><name>Services/HR/SfEmployee-EuRetailCustomerDotation-In/Cegid/FTP/RemoteDir</name><value>/Corbeilles/AchatsEtDotations/Reprise/</value></NameValuePair><NameValuePair><name>Services/HR/SfEmployee-EuRetailCustomerDotation-In/Cegid/FTP/RemotePrefix</name><value>SF_CustomerDotation_</value></NameValuePair><NameValuePair><name>Services/HR/SfEmployee-EuRetailCustomerDotation-In/Cegid/FTP/TempLocalDir</name><value>D:/temp/LocalDir/</value></NameValuePair><NameValuePair><name>Services/HR/SfEmployee-EuRetailCustomerDotation-In/JMS/InputQueue</name><value>EU.HR.EURETAILCUSTOMERDOTATION.CEGID.IN</value></NameValuePair><NameValuePair><name>Services/HR/SfEmployee-EuRetailVendor-In/Cegid/FTP/RemoteDir</name><value>/Corbeilles/AchatsEtDotations/Reprise/</value></NameValuePair><NameValuePair><name>Services/HR/SfEmployee-EuRetailVendor-In/Cegid/FTP/RemotePrefix</name><value>SF_Vendor_</value></NameValuePair><NameValuePair><name>Services/HR/SfEmployee-EuRetailVendor-In/Cegid/FTP/TempLocalDir</name><value>D:/temp/LocalDir/</value></NameValuePair><NameValuePair><name>Services/HR/SfEmployee-EuRetailVendor-In/JMS/InputQueue</name><value>EU.HR.EURETAILVENDOR.CEGID.IN</value></NameValuePair><NameValuePair><name>Services/HR/SfEmployee-EuRussiaEmployeeList-In/JMS/InputQueue</name><value>EU.HR.EURUSSIAEMPLOYEELIST.LEGALRUSSIA.IN</value></NameValuePair><NameValuePair><name>Services/HR/SfEmployee-EuRussiaEmployeeList-In/LegalRussia/SFTP/RemoteDir</name><value>./prod/FromSF/</value></NameValuePair><NameValuePair><name>Services/HR/SfEmployee-EuRussiaEmployeeList-In/LegalRussia/SFTP/RemotePrefix</name><value>Successfactor_Employees_</value></NameValuePair><NameValuePair><name>Services/HR/SfEmployee-EuRussiaEmployeeList-In/LegalRussia/SFTP/TempLocalDir</name><value>D:/temp/LocalDir/</value></NameValuePair><NameValuePair><name>Services/HR/SfEmployee-EuTravel-In/EuTravel/FTP/RemoteDir</name><value>/HR/Travel/</value></NameValuePair><NameValuePair><name>Services/HR/SfEmployee-EuTravel-In/EuTravel/FTP/RemotePrefix</name><value>TRAVAIL_</value></NameValuePair><NameValuePair><name>Services/HR/SfEmployee-EuTravel-In/EuTravel/FTP/TempLocalDir</name><value>D:/temp/LocalDir/</value></NameValuePair><NameValuePair><name>Services/HR/SfEmployee-EuTravel-In/JMS/InputQueue</name><value>EU.HR.EUTRAVEL.TRAVEL.IN</value></NameValuePair><NameValuePair><name>Services/HR/SfEmployee-GlActiveDirectory-In/GlAd-AMERICAS/FTP/RemoteDir</name><value>./ActiveDirectory/PROD/SF_To_AD/AMERICAS/</value></NameValuePair><NameValuePair><name>Services/HR/SfEmployee-GlActiveDirectory-In/GlAd-AMERICAS/FTP/RemotePrefix</name><value>FromSapHr_</value></NameValuePair><NameValuePair><name>Services/HR/SfEmployee-GlActiveDirectory-In/GlAd-AMERICAS/FTP/TempLocalDir</name><value>D:/temp/LocalDir/</value></NameValuePair><NameValuePair><name>Services/HR/SfEmployee-GlActiveDirectory-In/GlAd-EMEA/FTP/RemoteDir</name><value>./ActiveDirectory/PROD/SF_To_AD/EMEA/</value></NameValuePair><NameValuePair><name>Services/HR/SfEmployee-GlActiveDirectory-In/GlAd-EMEA/FTP/RemotePrefix</name><value>FromSapHr_</value></NameValuePair><NameValuePair><name>Services/HR/SfEmployee-GlActiveDirectory-In/GlAd-EMEA/FTP/TempLocalDir</name><value>D:/temp/LocalDir/</value></NameValuePair><NameValuePair><name>Services/HR/SfEmployee-GlActiveDirectory-In/GlAd-NORTHPAC/FTP/RemoteDir</name><value>./ActiveDirectory/PROD/SF_To_AD/NORTHPAC/</value></NameValuePair><NameValuePair><name>Services/HR/SfEmployee-GlActiveDirectory-In/GlAd-NORTHPAC/FTP/RemotePrefix</name><value>FromSapHr_</value></NameValuePair><NameValuePair><name>Services/HR/SfEmployee-GlActiveDirectory-In/GlAd-NORTHPAC/FTP/TempLocalDir</name><value>D:/temp/LocalDir/</value></NameValuePair><NameValuePair><name>Services/HR/SfEmployee-GlActiveDirectory-In/GlAd-SOUTHPAC/FTP/RemoteDir</name><value>./ActiveDirectory/PROD/SF_To_AD/SOUTHPAC/</value></NameValuePair><NameValuePair><name>Services/HR/SfEmployee-GlActiveDirectory-In/GlAd-SOUTHPAC/FTP/RemotePrefix</name><value>FromSapHr_</value></NameValuePair><NameValuePair><name>Services/HR/SfEmployee-GlActiveDirectory-In/GlAd-SOUTHPAC/FTP/TempLocalDir</name><value>D:/temp/LocalDir/</value></NameValuePair><NameValuePair><name>Services/HR/SfEmployee-GlActiveDirectory-In/JMS/InputQueue</name><value>GL.HR.SFEMPLOYEE.GLACTIVEDIRECTORY.IN</value></NameValuePair><NameValuePair><name>Services/HR/SfEmployee-GlCampus-In/Campus/FullTime</name><value>Fulltime</value></NameValuePair><NameValuePair><name>Services/HR/SfEmployee-GlCampus-In/Campus/Grant_Type</name><value>client_credentials</value></NameValuePair><NameValuePair><name>Services/HR/SfEmployee-GlCampus-In/Campus/IntervalGroupId</name><value>86400000</value></NameValuePair><NameValuePair><name>Services/HR/SfEmployee-GlCampus-In/Campus/IntervalStores</name><value>7200000</value></NameValuePair><NameValuePair><name>Services/HR/SfEmployee-GlCampus-In/Campus/PartTime</name><value>Part Time</value></NameValuePair><NameValuePair><name>Services/HR/SfEmployee-GlCampus-In/Campus/Password</name><value>LyTXExhTniYB1D9DFAdjxQUX3AQLJ5hC</value></NameValuePair><NameValuePair><name>Services/HR/SfEmployee-GlCampus-In/Campus/URI</name><value>https://campus.worldmanager.com/oauth/token</value></NameValuePair><NameValuePair><name>Services/HR/SfEmployee-GlCampus-In/Campus/UserName</name><value>ECwadl6eDBcD99yR</value></NameValuePair><NameValuePair><name>Services/HR/SfEmployee-GlCampus-In/JMS/InputQueue</name><value>EU.HR.SFEMPLOYEE.GLCAMPUS.IN</value></NameValuePair><NameValuePair><name>Services/HR/SfEmployee-GlConcur-In/Concur/CompanyListToInclude</name><value>1030;1040;1050;1060;2000;2050;2120;2140;2160;2180;2200;2210;2240;2260;2280;2290;2310;2330;2340;2350;2360;3000;3010;3700;3720;3721;3300</value></NameValuePair><NameValuePair><name>Services/HR/SfEmployee-GlConcur-In/Concur/EmailTo</name><value>therese.andueza@quiksilver-europe.com;marie-jose.harretche@boardriders.com;laurent.padovan@quiksilver.com;chun.tung@boardrisers.com;christine.ithurria@boardriders.com;patricia.perrin@boardriders.com;anthony.andrzejewski@boardriders.com;dana.may@boardriders.com</value></NameValuePair><NameValuePair><name>Services/HR/SfEmployee-GlConcur-In/Concur/FTP/CertificateEncryptionFile</name><value>c:/Certs/concursolutions.asc</value></NameValuePair><NameValuePair><name>Services/HR/SfEmployee-GlConcur-In/Concur/FTP/RemoteDir</name><value>./in/</value></NameValuePair><NameValuePair><name>Services/HR/SfEmployee-GlConcur-In/Concur/FTP/RemotePrefix</name><value>employee_p06014336n4a_</value></NameValuePair><NameValuePair><name>Services/HR/SfEmployee-GlConcur-In/Concur/FTP/TempLocalDir</name><value>D:/temp/LocalDir/</value></NameValuePair><NameValuePair><name>Services/HR/SfEmployee-GlConcur-In/Concur/LoginDomain</name><value>@boardriders.com</value></NameValuePair><NameValuePair><name>Services/HR/SfEmployee-GlConcur-In/Concur/SFTP/CertificateEncryptionFile</name><value>c:/Certs/concursolutions.asc</value></NameValuePair><NameValuePair><name>Services/HR/SfEmployee-GlConcur-In/Concur/SFTP/RemoteDir</name><value>./in/</value></NameValuePair><NameValuePair><name>Services/HR/SfEmployee-GlConcur-In/Concur/SFTP/RemotePrefix</name><value>employee_p06014336n4a_</value></NameValuePair><NameValuePair><name>Services/HR/SfEmployee-GlConcur-In/Concur/SFTP/TempLocalDir</name><value>D:/temp/LocalDir/</value></NameValuePair><NameValuePair><name>Services/HR/SfEmployee-GlConcur-In/JMS/InputQueue</name><value>EU.HR.SFEMPLOYEE.GLCONCUR.IN</value></NameValuePair><NameValuePair><name>Services/HR/SfEmployee-GlSapEmployee-In/JMS/InputQueue</name><value>EU.HR.SFEMPLOYEE.GLSAPEMPLOYEE.IN</value></NameValuePair><NameValuePair><name>Services/HR/SfEmployee-SF-Out/EnabledSubprocessesList</name><value>EuAdpFrance;EuEtemptationContract;EuEtemptationEmployee;EuEtemptationHoinaco;EuRetailCustomer;EuRetailCustomerDotation;EuRetailVendor;EuRussiaEmployeeList;xEuTravel;GlActiveDirectory;GlConcur;GlSapEmployee;UsEmployeeTranscodeEntry;UsB2B;xUsBenefitFocus;UsCourion;xUsEtime;xUsNsb;UsPayroll;UsWms;UsRetailCustomer;UsRetailCustomerDotation;UsRetailVendor;xUsACA;xUsLOA;GlCampus</value></NameValuePair><NameValuePair><name>Services/HR/SfEmployee-SF-Out/RetailPilotShops</name><value>0002,0003,0004,0007,0008,0009,0013,0014,0017,0021,0022,0023,0025,0030,0031,0032,0034,0037,0038,0063,0074,0075,0076,0077,0079,0085,0086,0087,0088,0089,0117,0121,0124,0125,0127,0128,0129,0130,0134,0135,0141,0146,0147,0156,0157,0160,0163,0164,0166,0167,0170,0173,0174,0189,0190,0191,0202,0205,0206,0210,0212,0213,0214,0215,0217,0219,0220,0221,0223,0224,0226,0230,0235,0236,0237,0239,0243,0244,0247,0248,0249,0253,0254,0256,0259,0261,0262,0264,0265,0266,0267,0274,0276,0278,0281,0282,0284,0303,0305,0313,0320,0350,0422,0501,0503,0505,0506,0508,0509,0601,0604,0606,0607,0610,0657,0690,0691,0791,0810,0811,0812,0814,0817,0818,0902,0906,0907,0908,0909,0913</value></NameValuePair><NameValuePair><name>Services/HR/SfEmployee-SF-Out/SfOdataQueries/SfSqlQueryPosition</name><value>Position?$select=businessUnit,code,targetFTE,externalName_defaultValue,cust_Budget,cust_BudgetCurrency,company,cust_function,effectiveStatus,costCenter,type,division,cust_on_hold,cust_recruitment,department,cust_SubDepartment,regularTemporary&amp;$format=JSON&amp;$filter=effectiveStatus eq 'A' and company ne 'null' and targetFTE ge 0 and department ne '50021387'</value></NameValuePair><NameValuePair><name>Services/HR/SfEmployee-SF-Out/SfOdataQueries/SfSqlQueryUser</name><value>User?$select=empId,country,custom08,email,firstName,hireDate,lastName,loginMethod,title,username,userId&amp;$format=JSON</value></NameValuePair><NameValuePair><name>Services/HR/SfEmployee-SF-Out/SfOdataQueriesLOA/SfSqlQueryLOA</name><value>EmployeeTime?$select=startDate,userId,loaExpectedReturnDate,loaActualReturnDate,timeType,endDate&amp;$format=JSON&amp;$filter=approvalStatus eq 'APPROVED' </value></NameValuePair><NameValuePair><name>Services/HR/SfEmployee-SF-Out/SfSqlQueries/SfSqlQueryCompoundEmployee</name><value>SELECT person, personal_information, address_information, email_information, phone_information, employment_information, job_information, compensation_information, paycompensation_recurring, paycompensation_non_recurring, direct_deposit, national_id_card, payment_information, person_relation, dependent_information FROM CompoundEmployee WHERE PERSON_ID_EXTERNAL not in ('PSADMIN') and last_modified_on &gt; to_datetime ('last_execution_time') /* and PERSON_ID_EXTERNAL in ('46','76','77') */</value></NameValuePair><NameValuePair><name>Services/HR/SfEmployee-SF-Out/SfSqlQueries/SfSqlQueryEmpPayCompNonRecurring</name><value>SELECT person_id_external,sequence_number,calculated_amount,created_on,created_by,last_modified_by,last_modified_on,id,user_id,pay_date,value,currency_code,notes,alternative_cost_center,number_of_units,unit_of_measure,payComponentCode,payComponentName from EmpPayCompNonRecurring</value></NameValuePair><NameValuePair><name>Services/HR/SfEmployee-SF-Out/SfSqlQueries/SfSqlQueryFO_company</name><value>SELECT country, externalCode, name, description, currency, start_date, end_date FROM FO_company</value></NameValuePair><NameValuePair><name>Services/HR/SfEmployee-SF-Out/SfSqlQueries/SfSqlQueryFO_costCenter</name><value>SELECT externalCode, name, description, start_date, end_date FROM FO_costCenter</value></NameValuePair><NameValuePair><name>Services/HR/SfEmployee-SF-Out/SfSqlQueries/SfSqlQueryFO_department</name><value>SELECT externalCode, name, description, start_date, end_date FROM FO_department</value></NameValuePair><NameValuePair><name>Services/HR/SfEmployee-SF-Out/SfSqlQueries/SfSqlQueryFO_location</name><value>SELECT address_address1, address_city, address_country, address_province, address_state, address_zip_code, custom_string1, description, end_date, externalCode, locationGroup, name, start_date, status FROM FO_location</value></NameValuePair><NameValuePair><name>Services/HR/SfEmployee-SF-Out/SfSqlQueries/SfSqlQueryFO_payComponent</name><value>SELECT externalCode, name, description, payComponentType, status, is_earning, currency, payComponentValue, frequencyCode, recurring, number, unit_of_measure, rate, start_date, end_date FROM FO_payComponent</value></NameValuePair><NameValuePair><name>Services/HR/SfEmployee-SF-Out/SfSqlQueries/SfSqlQueryPerEmail</name><value>SELECT id,person_id_external,email_type,email_address,isPrimary FROM PerEmail</value></NameValuePair><NameValuePair><name>Services/HR/SfEmployee-SF-Out/SfSqlQueries/SfSqlQueryPerPhone</name><value>SELECT person_id_external,phone_type,country_code,phone_number,extension,isPrimary,person_id FROM PerPhone</value></NameValuePair><NameValuePair><name>Services/HR/SfEmployee-SF-Out/SfSqlQueries/SfSqlQueryPicklistLabel</name><value>SELECT optionId,locale,label,id FROM PicklistLabel</value></NameValuePair><NameValuePair><name>Services/HR/SfEmployee-SF-Out/SfSqlQueries/SfSqlQueryPicklistOption</name><value>SELECT picklistId,id,externalCode FROM PicklistOption WHERE picklistId in ('ecEmailType','ecPhoneType','EMPLOYEECLASS')</value></NameValuePair><NameValuePair><name>Services/HR/SfEmployee-SF-Out/SfSqlQueries/SfSqlQueryUser</name><value>select firstName,lastName,username,status,id,externalId,hrExternalId,empId,email,businessPhone,cellPhone,homePhone from User</value></NameValuePair><NameValuePair><name>Services/HR/SfEmployee-USPayroll-In/Destination/EmployeeChangeDataDir</name><value>//apps/departments/HR/Department/Payroll Interface/ADP_WFN/</value></NameValuePair><NameValuePair><name>Services/HR/SfEmployee-USPayroll-In/Destination/RemoteDir</name><value>/home/BurleighPTsftpWFN/INBOUND/</value></NameValuePair><NameValuePair><name>Services/HR/SfEmployee-USPayroll-In/Destination/sFTPToADPFlag</name><value>Y</value></NameValuePair><NameValuePair><name>Services/HR/SfEmployee-USPayroll-In/FileNames/EmployeeChangeDataPrefix</name><value>WFNUVI-</value></NameValuePair><NameValuePair><name>Services/HR/SfEmployee-USPayroll-In/JMS/InputQueue</name><value>US.HR.SFEMPLOYEE.USPAYROLL.IN</value></NameValuePair><NameValuePair><name>Services/HR/SfEmployee-USPayroll-In/Timed_UsPayroll_Interval</name><value>1209600000</value></NameValuePair><NameValuePair><name>Services/HR/SfEmployee-USPayroll-In/Timed_UsPayroll_Start</name><value>2016 Oct 14 20:00:00 PDT</value></NameValuePair><NameValuePair><name>Services/HR/SfEmployee-USPayroll-Out/Email/Email_From</name><value>SfEmployee-USPayroll-Out@Quiksilver.com</value></NameValuePair><NameValuePair><name>Services/HR/SfEmployee-USPayroll-Out/Email/Email_Subject</name><value>SfEmployee-USPayroll-Out Interface complete</value></NameValuePair><NameValuePair><name>Services/HR/SfEmployee-USPayroll-Out/Email/Email_To</name><value>US-Tibco-Alerts-Payroll_SF@Quiksilver.com</value></NameValuePair><NameValuePair><name>Services/HR/SfEmployee-USeTimeEmployee-In/JMS/InputQueue</name><value>US.HR.ETIME.IN</value></NameValuePair><NameValuePair><name>Services/HR/SfEmployee-USeTimeEmployee-In/JMS/InputQueueSFTP</name><value>US.HR.ETIME.SFTP.IN</value></NameValuePair><NameValuePair><name>Services/HR/SfEmployee-USeTimeEmployee-In/PayDateHourlyFileLocation</name><value>//apps/departments/HR/Department/Payroll Interface/HourlyPaydate.txt</value></NameValuePair><NameValuePair><name>Services/HR/SfEmployee-USeTimeEmployee-In/PayDateSalaryFileLocation</name><value>//apps/departments/HR/Department/Payroll Interface/SalaryPaydate.txt</value></NameValuePair><NameValuePair><name>Services/HR/SfEmployee-USeTimeEmployee-In/Timed_USeTime_Interval</name><value>1209600000</value></NameValuePair><NameValuePair><name>Services/HR/SfEmployee-USeTimeEmployee-In/Timed_USeTime_Start</name><value>2016 Oct 14 20:00:00 PDT</value></NameValuePair><NameValuePair><name>Services/HR/SfEmployee-USeTimeEmployee-In/USeTimeEmployeeDataDir</name><value>//apps/departments/HR/Department/Payroll Interface/Pro Business/</value></NameValuePair><NameValuePair><name>Services/HR/SfEmployee-USeTimeEmployee-In/eTime/Local/CopyToInhouseDirectory</name><value>Y</value></NameValuePair><NameValuePair><name>Services/HR/SfEmployee-USeTimeEmployee-In/eTime/Local/LocalDir</name><value>D:/temp/LocalDir/</value></NameValuePair><NameValuePair><name>Services/HR/SfEmployee-USeTimeEmployee-In/eTime/Local/LocalEmployeeDataPrefix</name><value>Employees</value></NameValuePair><NameValuePair><name>Services/HR/SfEmployee-USeTimeEmployee-In/eTime/Local/LocalInhouseDirectory</name><value>//apps/departments/HR/Department/Payroll Interface/eTime/employees/</value></NameValuePair><NameValuePair><name>Services/HR/SfEmployee-USeTimeEmployee-In/eTime/SFTP/RemoteDir</name><value>/toADP/</value></NameValuePair><NameValuePair><name>Services/HR/SfEmployee-USeTimeEmployee-In/eTime/SFTP/RemoteEmployeeDataPrefix</name><value>Employees</value></NameValuePair><NameValuePair><name>Services/HR/SfEmployee-USeTimeEmployee-In/eTime/SFTP/TempLocalDir</name><value>D:/temp/LocalDir/</value></NameValuePair><NameValuePair><name>Services/HR/SfEmployee-USeTimeLaborLevels-In/JMS/InputQueue</name><value>US.HR.ETIME.LABORLEVEL.IN</value></NameValuePair><NameValuePair><name>Services/HR/SfEmployee-USeTimeLaborLevels-In/JMS/InputQueueSFTP</name><value>US.HR.ETIME.LABORLEVEL.SFTP.IN</value></NameValuePair><NameValuePair><name>Services/HR/SfEmployee-USeTimeLaborLevels-In/Timed_USeTimeLaborLevels_Interval</name><value>1209600000</value></NameValuePair><NameValuePair><name>Services/HR/SfEmployee-USeTimeLaborLevels-In/Timed_USeTimeLaborLevels_Start</name><value>2016 Oct 14 20:00:00 PDT</value></NameValuePair><NameValuePair><name>Services/HR/SfEmployee-USeTimeLaborLevels-In/eTime/Local/LocalDir</name><value>D:/temp/LocalDir/</value></NameValuePair><NameValuePair><name>Services/HR/SfEmployee-USeTimeLaborLevels-In/eTime/Local/LocalLaborLevelPrefix</name><value>LaborLevels%</value></NameValuePair><NameValuePair><name>Services/HR/SfEmployee-USeTimeLaborLevels-In/eTime/SFTP/RemoteDir</name><value>/toADP/</value></NameValuePair><NameValuePair><name>Services/HR/SfEmployee-USeTimeLaborLevels-In/eTime/SFTP/RemoteLaborLevelPrefix</name><value>LaborLevels%</value></NameValuePair><NameValuePair><name>Services/HR/SfEmployee-USeTimeLaborLevels-In/eTime/SFTP/TempLocalDir</name><value>D:/temp/LocalDir/</value></NameValuePair><NameValuePair><name>Services/HR/SfEmployee-UsACAEmployee-In/JMS/InputQueue</name><value>US.HR.USACA.IN</value></NameValuePair><NameValuePair><name>Services/HR/SfEmployee-UsACAEmployee-In/JMS/InputQueueSFTP</name><value>US.HR.USACA.SFTP.IN</value></NameValuePair><NameValuePair><name>Services/HR/SfEmployee-UsACAEmployee-In/UsACA/Local/LocalDir</name><value>D:/temp/LocalDir/</value></NameValuePair><NameValuePair><name>Services/HR/SfEmployee-UsACAEmployee-In/UsACA/Local/LocalEmployeeDataPrefix</name><value/></NameValuePair><NameValuePair><name>Services/HR/SfEmployee-UsACAEmployee-In/UsACA/Local/TibcoServer</name><value>//qshbtib05.americas.quiksilver.corp/d$/Temp/LocalDir/</value></NameValuePair><NameValuePair><name>Services/HR/SfEmployee-UsACAEmployee-In/UsACA/SFTP/RemoteDir</name><value>/home/QUIKspftpHC/INBOUND/</value></NameValuePair><NameValuePair><name>Services/HR/SfEmployee-UsACAEmployee-In/UsACA/SFTP/RemoteEmployeeDataPrefix</name><value/></NameValuePair><NameValuePair><name>Services/HR/SfEmployee-UsACAEmployee-In/UsACA/SFTP/TempLocalDir</name><value>D:/temp/LocalDir/</value></NameValuePair><NameValuePair><name>Services/HR/SfEmployee-UsACAEmployee-In/UsACAClientID</name><value>QSILVER</value></NameValuePair><NameValuePair><name>Services/HR/SfEmployee-UsACAEmployee-In/UsACAContactName</name><value>Kim Bereta</value></NameValuePair><NameValuePair><name>Services/HR/SfEmployee-UsACAEmployee-In/UsACAEmployeeDataDir</name><value>//apps/departments/HR/Department/Payroll Interface/Pro Business/</value></NameValuePair><NameValuePair><name>Services/HR/SfEmployee-UsACAEmployee-In/UsACAEmployeeEnvironment</name><value>Production</value></NameValuePair><NameValuePair><name>Services/HR/SfEmployee-UsACAEmployee-In/UsACAFedID_1030</name><value>80-0118795</value></NameValuePair><NameValuePair><name>Services/HR/SfEmployee-UsACAEmployee-In/UsACAFedID_Others</name><value>33-0740505</value></NameValuePair><NameValuePair><name>Services/HR/SfEmployee-UsACAEmployee-In/UsACAOID</name><value>D0C77A416130003E</value></NameValuePair><NameValuePair><name>Services/HR/SfEmployee-UsB2B-In/JMS/InputQueue</name><value>US.HR.SFEMPLOYEE.USB2B.IN</value></NameValuePair><NameValuePair><name>Services/HR/SfEmployee-UsBenefitFocus-In/BenefitFocus/ClientId</name><value>11443008573</value></NameValuePair><NameValuePair><name>Services/HR/SfEmployee-UsBenefitFocus-In/BenefitFocus/SFTP/RemoteDir</name><value>/in/</value></NameValuePair><NameValuePair><name>Services/HR/SfEmployee-UsBenefitFocus-In/BenefitFocus/SFTP/RemotePrefix</name><value>QuiksilverInBound_</value></NameValuePair><NameValuePair><name>Services/HR/SfEmployee-UsBenefitFocus-In/BenefitFocus/SFTP/TempLocalDir</name><value>D:/temp/LocalDir/</value></NameValuePair><NameValuePair><name>Services/HR/SfEmployee-UsBenefitFocus-In/JMS/InputQueue</name><value>US.HR.USBENEFITFOCUS.BENEFITFOCUS.IN</value></NameValuePair><NameValuePair><name>Services/HR/SfEmployee-UsCourion-In/JMS/InputQueue</name><value>US.HR.USCOURION.IN</value></NameValuePair><NameValuePair><name>Services/HR/SfEmployee-UsDiscoveryBenefits-In/DiscoveryBenefits/AdministratorCode</name><value>DBI</value></NameValuePair><NameValuePair><name>Services/HR/SfEmployee-UsDiscoveryBenefits-In/DiscoveryBenefits/CombinePlanFlag</name><value>False</value></NameValuePair><NameValuePair><name>Services/HR/SfEmployee-UsDiscoveryBenefits-In/DiscoveryBenefits/EmployerCode</name><value>28623</value></NameValuePair><NameValuePair><name>Services/HR/SfEmployee-UsDiscoveryBenefits-In/DiscoveryBenefits/FileVersion</name><value>2.0</value></NameValuePair><NameValuePair><name>Services/HR/SfEmployee-UsDiscoveryBenefits-In/DiscoveryBenefits/GroupName</name><value>Quiksilver</value></NameValuePair><NameValuePair><name>Services/HR/SfEmployee-UsDiscoveryBenefits-In/DiscoveryBenefits/InhouseTargetDirectory</name><value>//apps/departments/HR/Department/Payroll Interface/DiscoveryBenefits/</value></NameValuePair><NameValuePair><name>Services/HR/SfEmployee-UsDiscoveryBenefits-In/DiscoveryBenefits/Local/FileNamePrefix</name><value/></NameValuePair><NameValuePair><name>Services/HR/SfEmployee-UsDiscoveryBenefits-In/DiscoveryBenefits/Local/LocalDir</name><value>D:/temp/LocalDir/</value></NameValuePair><NameValuePair><name>Services/HR/SfEmployee-UsDiscoveryBenefits-In/DiscoveryBenefits/PayDateHourlyFileLocation</name><value>//apps/departments/HR/Department/Payroll Interface/HourlyPaydate.txt</value></NameValuePair><NameValuePair><name>Services/HR/SfEmployee-UsDiscoveryBenefits-In/DiscoveryBenefits/PayDateSalaryFileLocation</name><value>//apps/departments/HR/Department/Payroll Interface/SalaryPaydate.txt</value></NameValuePair><NameValuePair><name>Services/HR/SfEmployee-UsDiscoveryBenefits-In/DiscoveryBenefits/SFTP/FTPfileToSite</name><value>'N'</value></NameValuePair><NameValuePair><name>Services/HR/SfEmployee-UsDiscoveryBenefits-In/DiscoveryBenefits/SFTP/RemoteDir</name><value>/Home/quiksilverct28623/</value></NameValuePair><NameValuePair><name>Services/HR/SfEmployee-UsDiscoveryBenefits-In/DiscoveryBenefits/SFTP/RemoteFileNamePrefix</name><value/></NameValuePair><NameValuePair><name>Services/HR/SfEmployee-UsDiscoveryBenefits-In/DiscoveryBenefits/SFTP/TempLocalDir</name><value>D:/temp/LocalDir/</value></NameValuePair><NameValuePair><name>Services/HR/SfEmployee-UsDiscoveryBenefits-In/DiscoveryBenefits/Timed_UsDiscoveryBenefits_Interval</name><value>1209600000</value></NameValuePair><NameValuePair><name>Services/HR/SfEmployee-UsDiscoveryBenefits-In/DiscoveryBenefits/Timed_UsDiscoveryBenefits_Start</name><value>2016 Oct 14 20:00:00 PDT</value></NameValuePair><NameValuePair><name>Services/HR/SfEmployee-UsDiscoveryBenefits-In/Email/Email_From</name><value>SfEmployee-UsDiscoveryBenefits-In-PROD@Quiksilver.com</value></NameValuePair><NameValuePair><name>Services/HR/SfEmployee-UsDiscoveryBenefits-In/Email/Email_Subject</name><value>Discovery Benefits Reconciliation Report</value></NameValuePair><NameValuePair><name>Services/HR/SfEmployee-UsDiscoveryBenefits-In/Email/Email_To</name><value>ken.tate@quiksilver.com;Joann.Garber@quiksilver.com;Kim.Bereta@quiksilver.com;ly.nguyen@quiksilver.com</value></NameValuePair><NameValuePair><name>Services/HR/SfEmployee-UsDiscoveryBenefits-In/JMS/InputQueue</name><value>US.HR.DISCOVERYBENEFITS.IN</value></NameValuePair><NameValuePair><name>Services/HR/SfEmployee-UsLOA-In/CopyFileToInhouseDir</name><value>Y</value></NameValuePair><NameValuePair><name>Services/HR/SfEmployee-UsLOA-In/DeleteInd</name><value>N</value></NameValuePair><NameValuePair><name>Services/HR/SfEmployee-UsLOA-In/JMS/InputQueue</name><value>US.HR.LOA.IN</value></NameValuePair><NameValuePair><name>Services/HR/SfEmployee-UsLOA-In/JMS/InputQueueSFTP</name><value>US.HR.LOA.SFTP.IN</value></NameValuePair><NameValuePair><name>Services/HR/SfEmployee-UsLOA-In/LeaveStatus</name><value>U</value></NameValuePair><NameValuePair><name>Services/HR/SfEmployee-UsLOA-In/LeaveType</name><value>FMLA</value></NameValuePair><NameValuePair><name>Services/HR/SfEmployee-UsLOA-In/OrganizationOID</name><value>D0C77A416130003E</value></NameValuePair><NameValuePair><name>Services/HR/SfEmployee-UsLOA-In/UsLOA/Local/LocalDir</name><value>D:/Temp/LocalDir/</value></NameValuePair><NameValuePair><name>Services/HR/SfEmployee-UsLOA-In/UsLOA/Local/LocalEmployeeDataPrefix</name><value>D0C77A416130003E_QSILVER_LOA_</value></NameValuePair><NameValuePair><name>Services/HR/SfEmployee-UsLOA-In/UsLOA/Local/TibcoServer</name><value>//qshbtib05.americas.quiksilver.corp/D$/Temp/LocalDir/</value></NameValuePair><NameValuePair><name>Services/HR/SfEmployee-UsLOA-In/UsLOA/SFTP/RemoteDir</name><value>/home/QUIKspftpHC/INBOUND/</value></NameValuePair><NameValuePair><name>Services/HR/SfEmployee-UsLOA-In/UsLOA/SFTP/RemoteEmployeeDataPrefix</name><value>D0C77A416130003E_QSILVER_LOA_</value></NameValuePair><NameValuePair><name>Services/HR/SfEmployee-UsLOA-In/UsLOA/SFTP/TempLocalDir</name><value>D:/Temp/LocalDir/</value></NameValuePair><NameValuePair><name>Services/HR/SfEmployee-UsLOA-In/UsLOADataDir</name><value>//apps/departments/HR/Department/Payroll Interface/LOA/</value></NameValuePair><NameValuePair><name>Services/HR/SfEmployee-UsNsb-In/JMS/InputQueue</name><value>US.HR.SFEMPLOYEE.USNSB.IN</value></NameValuePair><NameValuePair><name>Services/HR/SfEmployee-UsNsb-In/JMS/InputQueueFull</name><value>US.HR.USNSBPOS.NSB.FULL.IN</value></NameValuePair><NameValuePair><name>Services/HR/SfEmployee-UsNsb-In/Nsb/FTP/CRMDir</name><value>\\Nsbapp2\cm_xpr_01\Files\</value></NameValuePair><NameValuePair><name>Services/HR/SfEmployee-UsNsb-In/Nsb/FTP/FilenameForAdd</name><value>employee_sample64.dcn</value></NameValuePair><NameValuePair><name>Services/HR/SfEmployee-UsNsb-In/Nsb/FTP/FilenameForDelete</name><value>employee_sample64.dcn</value></NameValuePair><NameValuePair><name>Services/HR/SfEmployee-UsNsb-In/Nsb/FTP/FilenameFull</name><value>employee_sample64Full.dcn</value></NameValuePair><NameValuePair><name>Services/HR/SfEmployee-UsNsb-In/Nsb/FTP/MerchDir</name><value>\\qshbrpipe01\d$\HostData\Company01\</value></NameValuePair><NameValuePair><name>Services/HR/SfEmployee-UsNsb-In/Nsb/FTP/POSDir</name><value>\\Nsbapp3\employee\</value></NameValuePair><NameValuePair><name>Services/HR/SfEmployee-UsNsb-In/Nsb/FTP/RemoteDir</name><value>/HR/Nsb/</value></NameValuePair><NameValuePair><name>Services/HR/SfEmployee-UsNsb-In/Nsb/FTP/TempLocalDir</name><value>D:/temp/LocalDir/</value></NameValuePair><NameValuePair><name>Services/HR/SfEmployee-UsRetailCustomer-In/Cegid/FTP/RemoteDir</name><value>//qshbceg05/Exchange/Import/</value></NameValuePair><NameValuePair><name>Services/HR/SfEmployee-UsRetailCustomer-In/Cegid/FTP/RemotePrefix</name><value>SF_Customer_</value></NameValuePair><NameValuePair><name>Services/HR/SfEmployee-UsRetailCustomer-In/Cegid/FTP/TempLocalDir</name><value>D:/temp/LocalDir/</value></NameValuePair><NameValuePair><name>Services/HR/SfEmployee-UsRetailCustomer-In/JMS/InputQueue</name><value>US.HR.USRETAILCUSTOMER.CEGID.IN</value></NameValuePair><NameValuePair><name>Services/HR/SfEmployee-UsRetailCustomerDotation-In/Cegid/FTP/RemoteDir</name><value>//qshbceg05/Exchange/Import/</value></NameValuePair><NameValuePair><name>Services/HR/SfEmployee-UsRetailCustomerDotation-In/Cegid/FTP/RemotePrefix</name><value>SF_CustomerDotation_</value></NameValuePair><NameValuePair><name>Services/HR/SfEmployee-UsRetailCustomerDotation-In/Cegid/FTP/TempLocalDir</name><value>D:/temp/LocalDir/</value></NameValuePair><NameValuePair><name>Services/HR/SfEmployee-UsRetailCustomerDotation-In/JMS/InputQueue</name><value>US.HR.USRETAILCUSTOMERDOTATION.CEGID.IN</value></NameValuePair><NameValuePair><name>Services/HR/SfEmployee-UsRetailVendor-In/Cegid/FTP/RemoteDir</name><value>//qshbceg05/Exchange/Import/</value></NameValuePair><NameValuePair><name>Services/HR/SfEmployee-UsRetailVendor-In/Cegid/FTP/RemotePrefix</name><value>SF_Vendor_</value></NameValuePair><NameValuePair><name>Services/HR/SfEmployee-UsRetailVendor-In/Cegid/FTP/TempLocalDir</name><value>D:/temp/LocalDir/</value></NameValuePair><NameValuePair><name>Services/HR/SfEmployee-UsRetailVendor-In/Cegid/JMS/InputQueue</name><value>US.HR.USRETAILVENDOR.CEGID.IN</value></NameValuePair><NameValuePair><name>Services/HR/SfEmployee-UsWMS-In/JMS/InputQueue</name><value>US.HR.SFEMPLOYEE.USWMS.IN</value></NameValuePair><NameValuePair><name>Services/HR/SfPosition-BI-In/JDBC/SubsetSize</name><value>100</value></NameValuePair><NameValuePair><name>Services/HR/SfPosition-BI-In/JMS/InputQueue</name><value>EU.HR.SFPOSITION.BI.IN</value></NameValuePair><NameValuePair><name>Services/HR/SfPosition-SF-Out/HR_Files_prefix</name><value>Bpc_</value></NameValuePair><NameValuePair><name>Services/HR/UsS2NetboxBadgeUpdate-S2Netbox-Out/JMS/InputQueue</name><value>US.HR.USS2NETBOXBADGEUPDATE.S2NETBOX.OUT</value></NameValuePair><NameValuePair><name>Services/HR/UsS2NetboxBadgeUpdate-S2Netbox-Out/SQL/FilteredTextFiles</name><value>%</value></NameValuePair><NameValuePair><name>Services/HR/UsS2NetboxBadgeUpdate-SF-In/JMS/InputQueue</name><value>US.HR.USS2NETBOXBADGEUPDATE.SF.IN</value></NameValuePair><NameValuePairInteger><name>Services/JVM/RunGCPeriod</name><value>60000</value></NameValuePairInteger><NameValuePairBoolean><name>Services/Log/IsMonitored</name><value>true</value></NameValuePairBoolean><NameValuePairBoolean><name>Services/Log/isKillEngineInCritical</name><value>false</value></NameValuePairBoolean><NameValuePairBoolean><name>Services/Log/isMailNotified</name><value>true</value></NameValuePairBoolean><NameValuePairInteger><name>Services/Notif/CacheCleaner/Period</name><value>60000</value></NameValuePairInteger><NameValuePairInteger><name>Services/Notif/NotifExpiration</name><value>600000</value></NameValuePairInteger><NameValuePair><name>Services/Transco/AliasList</name><value>CountryCodesA3ToA2;HR_COMPANY;HR_CompanyRegion_FromSfToAd;HR_CONTRACT;HR_EMPRESA;HR_ETHNICCODE_FromSFTopayroll;HR_ID_PsftIdToSFId;HR_LOCATION_FromSFTopayroll;HR_LOCATION_STATE_FromSFTopayroll;HR_PERSON_TYPE_FromSFToEtime;HR_QS_PAY_RULE_FromSFToEtime;HR_SAP_ContractType;HR_SF_CodeSortie_FromSfToEtemptation;HR_SF_ContractNatureFr_FromSfToAdpFrance;HR_SF_ContractType_FromSfToAd;HR_SF_ContractType_FromSfToEtemptation;HR_SF_ContractType_FromSfToRetailCustomer;HR_SF_ContractTypeFr_FromSfToAdpFrance;HR_SF_Country_FromSfToAdpFrance;HR_SF_DeductionCode_FromSfToUsFsaDeductions;HR_SF_ecEmailType_FromExtCode;HR_SF_ecPhoneType_FromExtCode;HR_SF_ecPhoneType_ToExtCode;HR_SF_EpaStatus_FromSfToBi;HR_SF_EventReason_ToBenefitFocusCode;HR_SF_EventReason_ToSapCode;HR_SF_Gender_FromSfToSap;HR_SF_GeographicalInfo_FromSfToBi;HR_SF_ManagerID_FromSfToAd;HR_SF_MaritalStatus_FromSfToAdpFrance;HR_SF_MaritalStatus_FromSfToBenefitFocus;HR_SF_MaritalStatus_FromSfToSap;HR_SF_Nationality_FromSfToAdpFrance;HR_SF_Non_US_Manager_SFID_To_PeopleSoft_ID;HR_SF_Payroll_Calendar;HR_SF_PositionLib_FromSfToCegidUs;HR_SF_PrefLang_FromSfToSap;HR_SF_QualityFr_FromSfToAdpFrance;HR_SF_RelationshipType_FromSfToSap;HR_SF_Subsidiary_FromSfToCegidUs;HR_SF_SubsidiaryHeadquarter_FromSfToCegid;HR_SF_SubsidiaryShop_FromSfToCegid;HR_SF_Title_FromSfToSap;HR_SF_UsNsb_AdditionalEmployees;HR_TRM_REASON_FromSFTopayroll;HR_CompanyRegion_FromSfToAd;HR_SF_BusinessUnitToADP;HR_SF_EEO1ToADP;HR_SF_SalutationToADP;HR_SF_GenerationSuffixToADP;HR_SF_LocationToADP;HR_SF_CompanyToADP;HR_SF_SUI-SDI_TaxToADP;HR_SF_UsPayroll_WebPageTriggerValidation;HR_SF_DataControlToADP;HR_SF_CompensationChangeEventReasonToADP;HR_SF_RehireEventReasonToADP;HR_SF_TerminationEventReasonToADP;HR_SF_HireEventReasonToADP;HR_SF_LeaveOfAbsenceEventReasonToADP;HR_SF_LeaveOfAbsenceReturnEventReasonToADP;HR_SF_JobChangeEventReasonToADP;HR_SF_CorporateGroupChangeEventReasonToADP;HR_SF_NivEc_FromSfToAdpFrance;HR_Campus_Store;HR_Campus_GroupId</value></NameValuePair><NameValuePairInteger><name>Services/Transco/Period</name><value>720000</value></NameValuePairInteger><NameValuePair><name>Services/onTriggerQueue</name><value>EU.FWK.BATCH.TRIGGER</value></NameValuePair><NameValuePair><name>SharedConnections/Email/From</name><value>tibcoeuHR@quiksilver.com</value></NameValuePair><NameValuePair><name>SharedConnections/Email/Host</name><value>mail.americas.quiksilver.corp:25</value></NameValuePair><NameValuePair><name>SharedConnections/Email/To</name><value>tibalerts@quiksilver.com;inter@quiksilver-europe.com;christine.ithurria@quiksilver-europe.com</value></NameValuePair><NameValuePair><name>SharedConnections/FTP/Datamace/Datamace/FileEncoding</name><value>UTF8</value></NameValuePair><NameValuePair><name>SharedConnections/FTP/Datamace/Datamace/MIG_Host</name><value>127.0.0.1</value></NameValuePair><NameValuePair><name>SharedConnections/FTP/Datamace/Datamace/MIG_Password</name><value>quiksilver</value></NameValuePair><NameValuePairInteger><name>SharedConnections/FTP/Datamace/Datamace/MIG_Port</name><value>21</value></NameValuePairInteger><NameValuePair><name>SharedConnections/FTP/Datamace/Datamace/MIG_UserName</name><value>quiksilver</value></NameValuePair><NameValuePair><name>SharedConnections/FTP/HR/Cegid/MIG_Host</name><value>sjlcbr07.europe.quiksilver.corp</value></NameValuePair><NameValuePair><name>SharedConnections/FTP/HR/Cegid/MIG_Password</name><value>C3as!2013</value></NameValuePair><NameValuePairInteger><name>SharedConnections/FTP/HR/Cegid/MIG_Port</name><value>21</value></NameValuePairInteger><NameValuePair><name>SharedConnections/FTP/HR/Cegid/MIG_UserName</name><value>cptsvc_cegid_ftp</value></NameValuePair><NameValuePair><name>SharedConnections/FTP/HR/Colombus/MIG_Host</name><value>ftp.billabong.fr</value></NameValuePair><NameValuePair><name>SharedConnections/FTP/HR/Colombus/MIG_Password</name><value>3XpcxZ93</value></NameValuePair><NameValuePairInteger><name>SharedConnections/FTP/HR/Colombus/MIG_Port</name><value>21</value></NameValuePairInteger><NameValuePair><name>SharedConnections/FTP/HR/Colombus/MIG_UserName</name><value>boardriders</value></NameValuePair><NameValuePair><name>SharedConnections/FTP/HR/Concur/MIG_Host</name><value>st-eu.concursolutions.com</value></NameValuePair><NameValuePair><name>SharedConnections/FTP/HR/Concur/MIG_Password</name><value>UmTXwc7A1p</value></NameValuePair><NameValuePairInteger><name>SharedConnections/FTP/HR/Concur/MIG_Port</name><value>21</value></NameValuePairInteger><NameValuePair><name>SharedConnections/FTP/HR/Concur/MIG_UserName</name><value>p06014336n4a</value></NameValuePair><NameValuePair><name>SharedConnections/FTP/HR/EuAd/MIG_Host</name><value>ftppasserel.europe.quiksilver.corp</value></NameValuePair><NameValuePair><name>SharedConnections/FTP/HR/EuAd/MIG_Password</name><value>1nt3rFac32013</value></NameValuePair><NameValuePairInteger><name>SharedConnections/FTP/HR/EuAd/MIG_Port</name><value>21</value></NameValuePairInteger><NameValuePair><name>SharedConnections/FTP/HR/EuAd/MIG_UserName</name><value>Europe\cptsvc_sjlfile01_ftp</value></NameValuePair><NameValuePair><name>SharedConnections/FTP/HR/EuAdpFrance/MIG_Host</name><value>ftppasserel.europe.quiksilver.corp</value></NameValuePair><NameValuePair><name>SharedConnections/FTP/HR/EuAdpFrance/MIG_Password</name><value>1nt3rFac32013</value></NameValuePair><NameValuePairInteger><name>SharedConnections/FTP/HR/EuAdpFrance/MIG_Port</name><value>21</value></NameValuePairInteger><NameValuePair><name>SharedConnections/FTP/HR/EuAdpFrance/MIG_UserName</name><value>Europe\cptsvc_sjlfile01_ftp</value></NameValuePair><NameValuePair><name>SharedConnections/FTP/HR/EuHypervisionDaysOff/MIG_Host</name><value>ftppasserel.europe.quiksilver.corp</value></NameValuePair><NameValuePair><name>SharedConnections/FTP/HR/EuHypervisionDaysOff/MIG_Password</name><value>1nt3rFac32013</value></NameValuePair><NameValuePairInteger><name>SharedConnections/FTP/HR/EuHypervisionDaysOff/MIG_Port</name><value>21</value></NameValuePairInteger><NameValuePair><name>SharedConnections/FTP/HR/EuHypervisionDaysOff/MIG_UserName</name><value>Europe\cptsvc_sjlfile01_ftp</value></NameValuePair><NameValuePair><name>SharedConnections/FTP/HR/EuTravel/FileEncoding</name><value>ISO-8859-1</value></NameValuePair><NameValuePair><name>SharedConnections/FTP/HR/EuTravel/MIG_Host</name><value>127.0.0.1</value></NameValuePair><NameValuePair><name>SharedConnections/FTP/HR/EuTravel/MIG_Password</name><value>quiksilver</value></NameValuePair><NameValuePairInteger><name>SharedConnections/FTP/HR/EuTravel/MIG_Port</name><value>21</value></NameValuePairInteger><NameValuePair><name>SharedConnections/FTP/HR/EuTravel/MIG_UserName</name><value>quiksilver</value></NameValuePair><NameValuePair><name>SharedConnections/FTP/HR/GlAd-AMERICAS/MIG_Host</name><value>ftppasserel.europe.quiksilver.corp</value></NameValuePair><NameValuePair><name>SharedConnections/FTP/HR/GlAd-AMERICAS/MIG_Password</name><value>1nt3rFac32013</value></NameValuePair><NameValuePair><name>SharedConnections/FTP/HR/GlAd-AMERICAS/MIG_Port</name><value>21</value></NameValuePair><NameValuePair><name>SharedConnections/FTP/HR/GlAd-AMERICAS/MIG_UserName</name><value>Europe\cptsvc_sjlfile01_ftp</value></NameValuePair><NameValuePair><name>SharedConnections/FTP/HR/GlAd-EMEA/MIG_Host</name><value>ftppasserel.europe.quiksilver.corp</value></NameValuePair><NameValuePair><name>SharedConnections/FTP/HR/GlAd-EMEA/MIG_Password</name><value>1nt3rFac32013</value></NameValuePair><NameValuePair><name>SharedConnections/FTP/HR/GlAd-EMEA/MIG_Port</name><value>21</value></NameValuePair><NameValuePair><name>SharedConnections/FTP/HR/GlAd-EMEA/MIG_UserName</name><value>Europe\cptsvc_sjlfile01_ftp</value></NameValuePair><NameValuePair><name>SharedConnections/FTP/HR/GlAd-NORTHPAC/MIG_Host</name><value>ftppasserel.europe.quiksilver.corp</value></NameValuePair><NameValuePair><name>SharedConnections/FTP/HR/GlAd-NORTHPAC/MIG_Password</name><value>1nt3rFac32013</value></NameValuePair><NameValuePair><name>SharedConnections/FTP/HR/GlAd-NORTHPAC/MIG_Port</name><value>21</value></NameValuePair><NameValuePair><name>SharedConnections/FTP/HR/GlAd-NORTHPAC/MIG_UserName</name><value>Europe\cptsvc_sjlfile01_ftp</value></NameValuePair><NameValuePair><name>SharedConnections/FTP/HR/GlAd-SOUTHPAC/MIG_Host</name><value>ftppasserel.europe.quiksilver.corp</value></NameValuePair><NameValuePair><name>SharedConnections/FTP/HR/GlAd-SOUTHPAC/MIG_Password</name><value>1nt3rFac32013</value></NameValuePair><NameValuePair><name>SharedConnections/FTP/HR/GlAd-SOUTHPAC/MIG_Port</name><value>21</value></NameValuePair><NameValuePair><name>SharedConnections/FTP/HR/GlAd-SOUTHPAC/MIG_UserName</name><value>Europe\cptsvc_sjlfile01_ftp</value></NameValuePair><NameValuePair><name>SharedConnections/FTP/HR/Nsb/MIG_Host</name><value>ftppasserel.europe.quiksilver.corp</value></NameValuePair><NameValuePair><name>SharedConnections/FTP/HR/Nsb/MIG_Password</name><value>1nt3rFac32013</value></NameValuePair><NameValuePairInteger><name>SharedConnections/FTP/HR/Nsb/MIG_Port</name><value>21</value></NameValuePairInteger><NameValuePair><name>SharedConnections/FTP/HR/Nsb/MIG_UserName</name><value>Europe\cptsvc_sjlfile01_ftp</value></NameValuePair><NameValuePair><name>SharedConnections/HTTP/Campus/Host</name><value>campus.worldmanager.com</value></NameValuePair><NameValuePair><name>SharedConnections/HTTP/Campus/Port</name><value>443</value></NameValuePair><NameValuePair><name>SharedConnections/HTTP/DiscoveryBenefits/Host</name><value>localhost</value></NameValuePair><NameValuePair><name>SharedConnections/HTTP/DiscoveryBenefits/Port</name><value>9508</value></NameValuePair><NameValuePair><name>SharedConnections/HTTP/EuDaysOff/Host</name><value>localhost</value></NameValuePair><NameValuePair><name>SharedConnections/HTTP/EuDaysOff/Port</name><value>9506</value></NameValuePair><NameValuePair><name>SharedConnections/HTTP/Local/CampusLocalURL</name><value>http://localhost:9902</value></NameValuePair><NameValuePair><name>SharedConnections/HTTP/Local/CampusPort</name><value>9902</value></NameValuePair><NameValuePair><name>SharedConnections/HTTP/Local/Host</name><value>localhost</value></NameValuePair><NameValuePair><name>SharedConnections/HTTP/Machine_Name</name><value>???</value></NameValuePair><NameValuePair><name>SharedConnections/HTTP/UsPayroll/HTTP_Host</name><value>localhost</value></NameValuePair><NameValuePair><name>SharedConnections/HTTP/UsPayroll/HTTP_Port</name><value>9507</value></NameValuePair><NameValuePair><name>SharedConnections/HTTP/UsPayroll/HTTP_Post_PB_Create</name><value>9509</value></NameValuePair><NameValuePair><name>SharedConnections/JDBC/BiData/MIG_DatabaseURL</name><value>jdbc:tibcosoftwareinc:sqlserver://QSHBBISQL02.americas.quiksilver.corp:1433;databaseName=QS_STAGE</value></NameValuePair><NameValuePair><name>SharedConnections/JDBC/BiData/MIG_JDBCDriver</name><value>tibcosoftwareinc.jdbc.sqlserver.SQLServerDriver</value></NameValuePair><NameValuePairInteger><name>SharedConnections/JDBC/BiData/MIG_LoginTimeout</name><value>60</value></NameValuePairInteger><NameValuePairInteger><name>SharedConnections/JDBC/BiData/MIG_MaxConnections</name><value>10</value></NameValuePairInteger><NameValuePairPassword><name>SharedConnections/JDBC/BiData/MIG_Password</name><value>#!2cqLgIMeIyjK+e7pJCX+PbrdhJhNEhUx8Ra/s8rWABo=</value></NameValuePairPassword><NameValuePair><name>SharedConnections/JDBC/BiData/MIG_UserName</name><value>DW_WRITE</value></NameValuePair><NameValuePair><name>SharedConnections/JDBC/BiEpa/MIG_DatabaseURL</name><value>jdbc:tibcosoftwareinc:sqlserver://QSHBBISQL02.americas.quiksilver.corp:1433;databaseName=QS_STAGE</value></NameValuePair><NameValuePair><name>SharedConnections/JDBC/BiEpa/MIG_JDBCDriver</name><value>tibcosoftwareinc.jdbc.sqlserver.SQLServerDriver</value></NameValuePair><NameValuePairInteger><name>SharedConnections/JDBC/BiEpa/MIG_LoginTimeout</name><value>60</value></NameValuePairInteger><NameValuePairInteger><name>SharedConnections/JDBC/BiEpa/MIG_MaxConnections</name><value>10</value></NameValuePairInteger><NameValuePairPassword><name>SharedConnections/JDBC/BiEpa/MIG_Password</name><value>#!Jt2FrdGdt7J8RCGpnVXOqB2HwZjpXDNShzoP1HUvw5DTW4i9/brsKg==</value></NameValuePairPassword><NameValuePair><name>SharedConnections/JDBC/BiEpa/MIG_UserName</name><value>DW_WRITE_TIBCO</value></NameValuePair><NameValuePair><name>SharedConnections/JDBC/BiStatus/MIG_DatabaseURL</name><value>jdbc:tibcosoftwareinc:sqlserver://QSHBBISQL02.americas.quiksilver.corp:1433;databaseName=CollectStats</value></NameValuePair><NameValuePair><name>SharedConnections/JDBC/BiStatus/MIG_JDBCDriver</name><value>tibcosoftwareinc.jdbc.sqlserver.SQLServerDriver</value></NameValuePair><NameValuePairInteger><name>SharedConnections/JDBC/BiStatus/MIG_LoginTimeout</name><value>60</value></NameValuePairInteger><NameValuePairInteger><name>SharedConnections/JDBC/BiStatus/MIG_MaxConnections</name><value>10</value></NameValuePairInteger><NameValuePairPassword><name>SharedConnections/JDBC/BiStatus/MIG_Password</name><value>#!1IdBd4TmA6MVXhGplojd6e3Rlnxh5IjeWMyF1wOMdCw=</value></NameValuePairPassword><NameValuePair><name>SharedConnections/JDBC/BiStatus/MIG_UserName</name><value>DW_WRITE</value></NameValuePair><NameValuePair><name>SharedConnections/JDBC/PeopleSoft/SQL_Driver</name><value>tibcosoftwareinc.jdbc.sqlserver.SQLServerDriver</value></NameValuePair><NameValuePair><name>SharedConnections/JDBC/PeopleSoft/SQL_LoginTimeout</name><value>0</value></NameValuePair><NameValuePair><name>SharedConnections/JDBC/PeopleSoft/SQL_MaxConnection</name><value>10</value></NameValuePair><NameValuePair><name>SharedConnections/JDBC/PeopleSoft/SQL_Password</name><value>T1bco$</value></NameValuePair><NameValuePair><name>SharedConnections/JDBC/PeopleSoft/SQL_URL</name><value>jdbc:tibcosoftwareinc:sqlserver://QSHBPSFT02:1433;databaseName=HRSFPRD</value></NameValuePair><NameValuePair><name>SharedConnections/JDBC/PeopleSoft/SQL_UserID</name><value>tibco</value></NameValuePair><NameValuePairInteger><name>SharedConnections/JDBC/TibcoData/MIG_BatchSize</name><value>200</value></NameValuePairInteger><NameValuePair><name>SharedConnections/JDBC/TibcoData/MIG_DatabaseURL</name><value>jdbc:tibcosoftwareinc:sqlserver://qshbsql05:1433;databaseName=eutibsap</value></NameValuePair><NameValuePair><name>SharedConnections/JDBC/TibcoData/MIG_JDBCDriver</name><value>tibcosoftwareinc.jdbc.sqlserver.SQLServerDriver</value></NameValuePair><NameValuePairInteger><name>SharedConnections/JDBC/TibcoData/MIG_LoginTimeout</name><value>240</value></NameValuePairInteger><NameValuePairInteger><name>SharedConnections/JDBC/TibcoData/MIG_MaxConnections</name><value>10</value></NameValuePairInteger><NameValuePairPassword><name>SharedConnections/JDBC/TibcoData/MIG_Password</name><value>#!BX3Uz5gCgiv/sJ4Q7120MAVAd4n62A+4ioDHZF5K6uw=</value></NameValuePairPassword><NameValuePair><name>SharedConnections/JDBC/TibcoData/MIG_UserName</name><value>tibuasap</value></NameValuePair><NameValuePair><name>SharedConnections/JDBC/TibcoMonitoring/MIG_DatabaseURL</name><value>jdbc:tibcosoftwareinc:sqlserver://qshbsql05:1433;databaseName=eutibmon</value></NameValuePair><NameValuePair><name>SharedConnections/JDBC/TibcoMonitoring/MIG_JDBCDriver</name><value>tibcosoftwareinc.jdbc.sqlserver.SQLServerDriver</value></NameValuePair><NameValuePairInteger><name>SharedConnections/JDBC/TibcoMonitoring/MIG_LoginTimeout</name><value>240</value></NameValuePairInteger><NameValuePairInteger><name>SharedConnections/JDBC/TibcoMonitoring/MIG_MaxConnections</name><value>10</value></NameValuePairInteger><NameValuePairPassword><name>SharedConnections/JDBC/TibcoMonitoring/MIG_Password</name><value>#!M7X1up0JbAVQ1NH2P0vIaKIjx4/BlmUdN74tjLhPd8g=</value></NameValuePairPassword><NameValuePair><name>SharedConnections/JDBC/TibcoMonitoring/MIG_UserName</name><value>tibuasap</value></NameValuePair><NameValuePair><name>SharedConnections/JDBC/TibcoTransco/MIG_DatabaseURL</name><value>jdbc:tibcosoftwareinc:sqlserver://qshbsql05:1433;databaseName=eutibtransco</value></NameValuePair><NameValuePair><name>SharedConnections/JDBC/TibcoTransco/MIG_JDBCDriver</name><value>tibcosoftwareinc.jdbc.sqlserver.SQLServerDriver</value></NameValuePair><NameValuePairInteger><name>SharedConnections/JDBC/TibcoTransco/MIG_LoginTimeout</name><value>60</value></NameValuePairInteger><NameValuePairInteger><name>SharedConnections/JDBC/TibcoTransco/MIG_MaxConnections</name><value>10</value></NameValuePairInteger><NameValuePairPassword><name>SharedConnections/JDBC/TibcoTransco/MIG_Password</name><value>#!DSx2UTYNnGlEMcyARQh0blC3X+YQ1sNhi1HQEXBMuZI=</value></NameValuePairPassword><NameValuePair><name>SharedConnections/JDBC/TibcoTransco/MIG_UserName</name><value>tibuasap</value></NameValuePair><NameValuePair><name>SharedConnections/JDBC/UsB2B</name><value>jdbc:tibcosoftwareinc:sqlserver://QSUSDB01A:1433;databaseName=PROD_ED</value></NameValuePair><NameValuePair><name>SharedConnections/JDBC/UsCourion</name><value>jdbc:tibcosoftwareinc:sqlserver://QSHBPSFT02:1433;databaseName=HRSFPRD</value></NameValuePair><NameValuePair><name>SharedConnections/JDBC/UsEComm</name><value>jdbc:tibcosoftwareinc:sqlserver://QSHBDB01B\B;databaseName=Emprom</value></NameValuePair><NameValuePair><name>SharedConnections/JDBC/UsS2</name><value>jdbc:postgresql://172.22.210.6:5432/s2config</value></NameValuePair><NameValuePair><name>SharedConnections/JDBC/UsWMS</name><value>jdbc:tibcosoftwareinc:sqlserver://QSMLWSQL01:1433;databaseName=AAD</value></NameValuePair><NameValuePairPassword><name>SharedConnections/JMS/MIG_JMSPassword</name><value>#!JXSnIpFbgILQwcnuIKf+QAh63fP8jMZOwuZSbcV9beE=</value></NameValuePairPassword><NameValuePair><name>SharedConnections/JMS/MIG_JMSUrl</name><value>tcp://qshbtib13.americas.quiksilver.corp:7222</value></NameValuePair><NameValuePair><name>SharedConnections/JMS/MIG_JMSUserName</name><value>tibemsus</value></NameValuePair><NameValuePairPassword><name>SharedConnections/JMS/MIG_JNDIPassword</name><value>#!uPw6NZV/hW6gbqLvVzU8FVBD3JWcZ9es/c81jLP3SaY=</value></NameValuePairPassword><NameValuePair><name>SharedConnections/JMS/MIG_JNDIProviderUrl</name><value>tibjmsnaming://qshbtib13.americas.quiksilver.corp:7222</value></NameValuePair><NameValuePair><name>SharedConnections/JMS/MIG_JNDIUserName</name><value>tibemsus</value></NameValuePair><NameValuePairInteger><name>SharedConnections/JMS/MIG_MaxClientSession</name><value>4</value></NameValuePairInteger><NameValuePair><name>SharedConnections/JMS/MIG_QueueConnectionFactory</name><value>QueueConnectionFactory</value></NameValuePair><NameValuePair><name>SharedConnections/JMS/MIG_TopicConnectionFactory</name><value>TopicConnectionFactory</value></NameValuePair><NameValuePair><name>SharedConnections/JMS/ProviderContextFactory</name><value>com.tibco.tibjms.naming.TibjmsInitialContextFactory</value></NameValuePair><NameValuePair><name>SharedConnections/SAP/IDocHeader/DIRECT</name><value>2</value></NameValuePair><NameValuePair><name>SharedConnections/SAP/IDocHeader/DOCREL</name><value>701</value></NameValuePair><NameValuePair><name>SharedConnections/SAP/IDocHeader/MANDT</name><value>100</value></NameValuePair><NameValuePair><name>SharedConnections/SAP/IDocHeader/MIG_RCVPOR</name><value>SAPQSP</value></NameValuePair><NameValuePair><name>SharedConnections/SAP/IDocHeader/MIG_RCVPRN</name><value>QSPCLNT100</value></NameValuePair><NameValuePair><name>SharedConnections/SAP/IDocHeader/MIG_RCVPRT</name><value>LS</value></NameValuePair><NameValuePair><name>SharedConnections/SAP/IDocHeader/MIG_SNDPOR</name><value>T_EU_HR2_P</value></NameValuePair><NameValuePair><name>SharedConnections/SAP/IDocHeader/MIG_SNDPRT</name><value>LS</value></NameValuePair><NameValuePair><name>SharedConnections/SAP/IDocHeader/TABNAM</name><value>EDI_DC40</value></NameValuePair><NameValuePair><name>SharedConnections/SAP/MIG_ClientID</name><value>100</value></NameValuePair><NameValuePair><name>SharedConnections/SAP/MIG_GatewayHost</name><value>nevm113.sap.brdrs</value></NameValuePair><NameValuePair><name>SharedConnections/SAP/MIG_GatewayService</name><value>sapgw20</value></NameValuePair><NameValuePairPassword><name>SharedConnections/SAP/MIG_Password</name><value>#!YV8PWnaxAlxEfmDtTKjJ27Z/zjTSAC5mMM68IDCI0ek=</value></NameValuePairPassword><NameValuePair><name>SharedConnections/SAP/MIG_ProgramID</name><value>T_EU_HR2_P</value></NameValuePair><NameValuePairInteger><name>SharedConnections/SAP/MIG_RFCTrace</name><value>0</value></NameValuePairInteger><NameValuePair><name>SharedConnections/SAP/MIG_SAPServerURL</name><value>nevm113.sap.brdrs</value></NameValuePair><NameValuePair><name>SharedConnections/SAP/MIG_SystemNumber</name><value>20</value></NameValuePair><NameValuePair><name>SharedConnections/SAP/MIG_UserName</name><value>tibcoeu</value></NameValuePair><NameValuePair><name>SharedConnections/SFTP/HR/BenefitFocus/MIG_Host</name><value>secure2.benefitfocus.com</value></NameValuePair><NameValuePair><name>SharedConnections/SFTP/HR/BenefitFocus/MIG_Password</name><value>sigZ1DuP</value></NameValuePair><NameValuePairInteger><name>SharedConnections/SFTP/HR/BenefitFocus/MIG_Port</name><value>22</value></NameValuePairInteger><NameValuePair><name>SharedConnections/SFTP/HR/BenefitFocus/MIG_UserName</name><value>quiksilver</value></NameValuePair><NameValuePair><name>SharedConnections/SFTP/HR/Concur/MIG_Host</name><value>st-eu.concursolutions.com</value></NameValuePair><NameValuePair><name>SharedConnections/SFTP/HR/Concur/MIG_Password</name><value/></NameValuePair><NameValuePairInteger><name>SharedConnections/SFTP/HR/Concur/MIG_Port</name><value>22</value></NameValuePairInteger><NameValuePair><name>SharedConnections/SFTP/HR/Concur/MIG_UserName</name><value>p06014336n4a</value></NameValuePair><NameValuePair><name>SharedConnections/SFTP/HR/Concur/PrivateKeyPassword</name><value>tibco</value></NameValuePair><NameValuePair><name>SharedConnections/SFTP/HR/DiscoveryBenefits/MIG_Host</name><value>securefiles.discoverybenefits.com</value></NameValuePair><NameValuePair><name>SharedConnections/SFTP/HR/DiscoveryBenefits/MIG_Password</name><value>uIIzg294</value></NameValuePair><NameValuePair><name>SharedConnections/SFTP/HR/DiscoveryBenefits/MIG_Port</name><value>22</value></NameValuePair><NameValuePair><name>SharedConnections/SFTP/HR/DiscoveryBenefits/MIG_UserName</name><value>quiksilverct28623</value></NameValuePair><NameValuePair><name>SharedConnections/SFTP/HR/Etemptation/MIG_Host</name><value>quiksilver.cloud-horoquartz.fr</value></NameValuePair><NameValuePair><name>SharedConnections/SFTP/HR/Etemptation/MIG_Password</name><value>0ec9874a0b14470329698545caf9a0b2</value></NameValuePair><NameValuePairInteger><name>SharedConnections/SFTP/HR/Etemptation/MIG_Port</name><value>22</value></NameValuePairInteger><NameValuePair><name>SharedConnections/SFTP/HR/Etemptation/MIG_UserName</name><value>quiksilver</value></NameValuePair><NameValuePair><name>SharedConnections/SFTP/HR/LegalRussia/FileEncoding</name><value>UTF-8</value></NameValuePair><NameValuePair><name>SharedConnections/SFTP/HR/LegalRussia/MIG_Host</name><value>sftp.quiksilver.ru</value></NameValuePair><NameValuePair><name>SharedConnections/SFTP/HR/LegalRussia/MIG_Password</name><value>23d8Ha4gt5NrD4fks5Lm</value></NameValuePair><NameValuePairInteger><name>SharedConnections/SFTP/HR/LegalRussia/MIG_Port</name><value>22</value></NameValuePairInteger><NameValuePair><name>SharedConnections/SFTP/HR/LegalRussia/MIG_UserName</name><value>QuiksilverFrance</value></NameValuePair><NameValuePair><name>SharedConnections/SFTP/HR/Transamerica/MIG_Host</name><value>sftp.aegonins.com</value></NameValuePair><NameValuePair><name>SharedConnections/SFTP/HR/Transamerica/MIG_Password</name><value>vbwN$3k3</value></NameValuePair><NameValuePairInteger><name>SharedConnections/SFTP/HR/Transamerica/MIG_Port</name><value>10022</value></NameValuePairInteger><NameValuePair><name>SharedConnections/SFTP/HR/Transamerica/MIG_UserName</name><value>QSILVER</value></NameValuePair><NameValuePair><name>SharedConnections/SFTP/HR/UsACA/MIG_Host</name><value>sdgcl.adp.com</value></NameValuePair><NameValuePair><name>SharedConnections/SFTP/HR/UsACA/MIG_Password</name><value>#QUKsvr1016</value></NameValuePair><NameValuePair><name>SharedConnections/SFTP/HR/UsACA/MIG_Port</name><value>22</value></NameValuePair><NameValuePair><name>SharedConnections/SFTP/HR/UsACA/MIG_UserName</name><value>QUIKspftpHC</value></NameValuePair><NameValuePair><name>SharedConnections/SFTP/HR/UsLOA/MIG_Host</name><value>sdgcl.adp.com</value></NameValuePair><NameValuePair><name>SharedConnections/SFTP/HR/UsLOA/MIG_Password</name><value>#QUKsvr1016</value></NameValuePair><NameValuePair><name>SharedConnections/SFTP/HR/UsLOA/MIG_Port</name><value>22</value></NameValuePair><NameValuePair><name>SharedConnections/SFTP/HR/UsLOA/MIG_UserName</name><value>QUIKspftpHC</value></NameValuePair><NameValuePair><name>SharedConnections/SFTP/HR/UsPayroll-WFN/MIG_Host</name><value>sdgcl.adp.com</value></NameValuePair><NameValuePair><name>SharedConnections/SFTP/HR/UsPayroll-WFN/MIG_Password</name><value>h4GcYq$xqn#B9PHj</value></NameValuePair><NameValuePair><name>SharedConnections/SFTP/HR/UsPayroll-WFN/MIG_Port</name><value>22</value></NameValuePair><NameValuePair><name>SharedConnections/SFTP/HR/UsPayroll-WFN/MIG_UserName</name><value>BurleighPTsftpWFN</value></NameValuePair><NameValuePair><name>SharedConnections/SFTP/HR/eTime/MIG_Host</name><value>filetransfer2.adp.com</value></NameValuePair><NameValuePair><name>SharedConnections/SFTP/HR/eTime/MIG_Password</name><value>Nw72F26U</value></NameValuePair><NameValuePair><name>SharedConnections/SFTP/HR/eTime/MIG_Port</name><value>10022</value></NameValuePair><NameValuePair><name>SharedConnections/SFTP/HR/eTime/MIG_UserName</name><value>bl5_etime</value></NameValuePair><NameValuePair><name>SharedConnections/SuccessFactors/CompanyId</name><value>NAPALIDP</value></NameValuePair><NameValuePair><name>SharedConnections/SuccessFactors/pasword</name><value>Lm83/5-gmE+A</value></NameValuePair><NameValuePair><name>SharedConnections/SuccessFactors/username</name><value>adminsfapi</value></NameValuePair><NameValuePair><name>SystemNumber</name><value/></NameValuePair><NameValuePair><name>TIBHawkDaemon</name><value>tcp:7474</value></NameValuePair><NameValuePair><name>TIBHawkNetwork</name><value/></NameValuePair><NameValuePair><name>TIBHawkService</name><value>7474</value></NameValuePair><NameValuePair><name>UserName</name><value/></NameValuePair><NameValuePair><name>AppName</name><value/></NameValuePair><NameValuePair><name>Services/HR/EuActiveDirectorySf-SF-In/SQL/FilteredTextFiles</name><value>AdToSf%</value></NameValuePair><NameValuePair><name>Services/HR/SfEmployee-EuActiveDirectory-In/EuAd/FTP/RemotePrefix</name><value>SfToAd_</value></NameValuePair><NameValuePair><name>Services/HR/SfEmployee-EuActiveDirectory-In/JMS/InputQueue</name><value>EU.HR.SFEMPLOYEE.EUACTIVEDIRECTORY.IN</value></NameValuePair><NameValuePair><name>Services/HR/SfEmployee-USeTimeEmployee-In/eTime/Local/LocalLaborPrefix</name><value>LaborLevels</value></NameValuePair><NameValuePair><name>Services/HR/SfEmployee-USeTimeEmployee-In/eTime/SFTP/RemoteLaborPrefix</name><value>LaborLevels</value></NameValuePair><NameValuePair><name>Services/HR/SfEmployee-UsNsb-In/Nsb/FTP/FilenameCRM</name><value>crm.dcn</value></NameValuePair><NameValuePair><name>Services/HR/USTransamerica-USPayroll-In/DeductionChangeDestinationDir</name><value>//apps/departments/HR/Department/Payroll Interface/Pro Business/</value></NameValuePair><NameValuePair><name>Services/HR/USTransamerica-USPayroll-In/Email/Email_From</name><value>USTransamerica-USPayroll-In@Quiksilver.com</value></NameValuePair><NameValuePair><name>Services/HR/USTransamerica-USPayroll-In/Email/Email_Subject</name><value>USTransamerica-USPayroll-In Interface Completed</value></NameValuePair><NameValuePair><name>Services/HR/USTransamerica-USPayroll-In/Email/Email_To</name><value>US-Tibco-Alerts-Payroll_SF@Quiksilver.com</value></NameValuePair><NameValuePair><name>Services/HR/USTransamerica-USPayroll-In/Timed_UsTransamerica-UsPayroll-In_Interval</name><value>1209600000</value></NameValuePair><NameValuePair><name>Services/HR/USTransamerica-USPayroll-In/Timed_UsTransamerica-UsPayroll-In_Start</name><value>2016 Oct 14 20:00:00 PDT</value></NameValuePair><NameValuePair><name>Services/HR/USTransamerica-USPayroll-In/TransamericaArchiveDir</name><value>//apps/departments/HR/Department/Payroll Interface/Transamerica/Archive/</value></NameValuePair><NameValuePair><name>Services/HR/USTransamerica-USPayroll-In/TransamericaDeductionSourceDir</name><value>//apps/departments/HR/Department/Payroll Interface/Transamerica/</value></NameValuePair><NameValuePair><name>Services/HR/USTransamerica-USPayroll-In/TransamericaExcelDir</name><value>//apps/departments/HR/Department/Payroll Interface/Transamerica/Excel/</value></NameValuePair><NameValuePair><name>Services/HR/USTransamerica-USPayroll-In/TransamericaLoanDir</name><value>//apps/departments/HR/Department/Payroll Interface/Transamerica/Loan/</value></NameValuePair><NameValuePair><name>Services/HR/UsFsaDeductions-UsPayroll-Out/UsPayroll/FTP/ArchiveRemoteDir</name><value>//apps/departments/HR/Department/Payroll Interface/PB Export/archive/</value></NameValuePair><NameValuePair><name>Services/HR/UsFsaDeductions-UsPayroll-Out/UsPayroll/FTP/RemoteDir</name><value>//apps/departments/HR/Department/Payroll Interface/PB Export/PICHKDT?.TXT</value></NameValuePair><NameValuePair><name>Services/HR/UsFsaDeductions-UsPayroll-Out/UsPayroll/FTP/TempLocalDir</name><value>D:/temp/LocalDir/</value></NameValuePair><NameValuePair><name>Services/HR/UsTransamerica-Transamerica-Out/Email/Email_From</name><value>SfEmployee-USTransamerica-Out@Quiksilver.com</value></NameValuePair><NameValuePair><name>Services/HR/UsTransamerica-Transamerica-Out/Email/Email_Subject</name><value>USTransamerica-Out File Pull from FTP Completed</value></NameValuePair><NameValuePair><name>Services/HR/UsTransamerica-Transamerica-Out/Email/Email_To</name><value>courtney.cruz@quiksilver.com;ken.tate@quiksilver.com;ly.nguyen@quiksilver.com</value></NameValuePair><NameValuePair><name>Services/HR/UsTransamerica-Transamerica-Out/Timed_UsTransamerica_Out_Interval</name><value>1209600000</value></NameValuePair><NameValuePair><name>Services/HR/UsTransamerica-Transamerica-Out/Timed_UsTransamerica_Out_Start</name><value>2016 Oct 14 20:00:00 PDT</value></NameValuePair><NameValuePair><name>Services/HR/UsTransamerica-Transamerica-Out/Transamerica/SFTP/ArchiveRemoteDir</name><value/></NameValuePair><NameValuePair><name>Services/HR/UsTransamerica-Transamerica-Out/Transamerica/SFTP/RemoteDir</name><value>/inbox/</value></NameValuePair><NameValuePair><name>Services/HR/UsTransamerica-Transamerica-Out/Transamerica/SFTP/TempLocalDir</name><value>D:/temp/LocalDir/Transamerica/</value></NameValuePair><NameValuePair><name>Services/Log/Defaults/LogLevel</name><value>3</value></NameValuePair><NameValuePair><name>Services/Log/Flags/IsKillEngineInCritical</name><value>false</value></NameValuePair><NameValuePair><name>Services/Log/Flags/IsMailNotified</name><value>true</value></NameValuePair><NameValuePair><name>Services/Log/Flags/IsMonitored</name><value>true</value></NameValuePair><NameValuePair><name>Services/Log/Levels/Audit</name><value>0</value></NameValuePair><NameValuePair><name>Services/Log/Levels/Debug</name><value>4</value></NameValuePair><NameValuePair><name>Services/Log/Levels/Error</name><value>1</value></NameValuePair><NameValuePair><name>Services/Log/Levels/Info</name><value>3</value></NameValuePair><NameValuePair><name>Services/Log/Levels/Warn</name><value>2</value></NameValuePair><NameValuePair><name>Services/Log/Status/ProcessBody</name><value>B</value></NameValuePair><NameValuePair><name>Services/Log/Status/ProcessError</name><value>E</value></NameValuePair><NameValuePair><name>Services/Log/Status/ProcessFinish</name><value>F</value></NameValuePair><NameValuePair><name>Services/Log/Status/ProcessStart</name><value>S</value></NameValuePair><NameValuePair><name>SharedConnections/FTP/AD/AD/MIG_Host</name><value>ftppasserel.europe.quiksilver.corp</value></NameValuePair><NameValuePair><name>SharedConnections/FTP/AD/AD/MIG_Password</name><value>1nt3rFac32013</value></NameValuePair><NameValuePair><name>SharedConnections/FTP/AD/AD/MIG_Port</name><value>21</value></NameValuePair><NameValuePair><name>SharedConnections/FTP/AD/AD/MIG_UserName</name><value>Europe\cptsvc_sjlfile01_ftp</value></NameValuePair><NameValuePair><name>SharedConnections/File/CheckErrorCountFolder</name><value>\\qsaunapp01.sea.quiksilver.corp\tibco\CheckProcessErrorCount\PROD\</value></NameValuePair><NameValuePair><name>SharedConnections/JDBC/NSBDB_Count/MaxConnections</name><value>100</value></NameValuePair><NameValuePair><name>SharedConnections/JDBC/NSBDB_Count/MaxRows</name><value>1000000</value></NameValuePair><NameValuePair><name>SharedConnections/JDBC/NSBDB_Count/Password</name><value>2pycZAEPCKSn</value></NameValuePair><NameValuePair><name>SharedConnections/JDBC/NSBDB_Count/Timeout</name><value>100</value></NameValuePair><NameValuePair><name>SharedConnections/JDBC/NSBDB_Count/URL_quiksilver</name><value>jdbc:tibcosoftwareinc:sqlserver://nsbdb.sea.quiksilver.corp:30001;databaseName=Quiksilver</value></NameValuePair><NameValuePair><name>SharedConnections/JDBC/NSBDB_Count/Username</name><value>tibco</value></NameValuePair><NameValuePair><name>SharedConnections/JDBC/autibmon/DatabaseURL</name><value>jdbc:tibcosoftwareinc:sqlserver://qsusdb01a.americas.quiksilver.corp:1433;databaseName=aptibgen</value></NameValuePair><NameValuePair><name>SharedConnections/JDBC/autibmon/JDBCDriver</name><value>tibcosoftwareinc.jdbc.sqlserver.SQLServerDriver</value></NameValuePair><NameValuePair><name>SharedConnections/JDBC/autibmon/LoginTimeout</name><value>60</value></NameValuePair><NameValuePair><name>SharedConnections/JDBC/autibmon/MaxConnections</name><value>10</value></NameValuePair><NameValuePair><name>SharedConnections/JDBC/autibmon/Password</name><value>#!w++BTLwlpMqJ/jkpkVsQZYKO+yhvtCNfd2hnJRr/W5I=</value></NameValuePair><NameValuePair><name>SharedConnections/JDBC/autibmon/UserName</name><value>user_aptibgen</value></NameValuePair></NVPairs><repoInstances selected="local"><httpRepoInstance><timeout>600</timeout><url/></httpRepoInstance><rvRepoInstance><timeout>600</timeout><daemon>tcp:7500</daemon><service>7500</service><network/><regionalSubject/><operationRetry>0</operationRetry></rvRepoInstance><localRepoInstance><encoding>ISO8859-1</encoding></localRepoInstance></repoInstances><services><bw name="SAP-HR-USPAYROLL-BW.par"><enabled>true</enabled><bindings><binding name="SAP-HR-USPAYROLL-BW"><machine>QSHBTIB12</machine><product><type>bwengine</type><version/><location/></product><description/><contact/><setting><startOnBoot>false</startOnBoot><enableVerbose>false</enableVerbose><maxLogFileSize>20000</maxLogFileSize><maxLogFileCount>5</maxLogFileCount><threadCount>8</threadCount><NTService><runAsNT>true</runAsNT><startupType>automatic</startupType><loginAs>QSAMERICAS\tibadmin</loginAs><password>#!ko/wA+Vzk+2l/6Ls+96sy3xHTOebVTo5QESw21e6IH8=</password></NTService><java><prepandClassPath/><appendClassPath/><initHeapSize>32</initHeapSize><maxHeapSize>1024</maxHeapSize><threadStackSize>256</threadStackSize></java></setting><ftWeight>500</ftWeight><shutdown><checkpoint>false</checkpoint><timeout>0</timeout></shutdown></binding></bindings><NVPairs name="Adapter SDK Properties"><NameValuePair><name>Trace.Task.*</name><value>false</value></NameValuePair><NameValuePair><name>EnableMemorySavingMode</name><value>true</value></NameValuePair><NameValuePair><name>bw.engine.enableJobRecovery</name><value>false</value></NameValuePair><NameValuePair><name>bw.engine.autoCheckpointRestart</name><value>true</value></NameValuePair><NameValuePair><name>bw.engine.jobstats.enable</name><value>false</value></NameValuePair><NameValuePair><name>log.file.encoding</name><value/></NameValuePair><NameValuePair><name>bw.engine.emaEnabled</name><value>false</value></NameValuePair><NameValuePair><name>bw.container.service</name><value/></NameValuePair><NameValuePair><name>bw.container.service.rmi.port</name><value>9995</value></NameValuePair><NameValuePair><name>bw.platform.services.retreiveresources.Enabled</name><value>false</value></NameValuePair><NameValuePair><name>bw.platform.services.retreiveresources.Hostname</name><value>localhost</value></NameValuePair><NameValuePair><name>bw.platform.services.retreiveresources.Httpport</name><value>8010</value></NameValuePair><NameValuePair><name>bw.platform.services.retreiveresources.defaultEncoding</name><value>ISO8859_1</value></NameValuePair><NameValuePair><name>bw.platform.services.retreiveresources.enableLookups</name><value>false</value></NameValuePair><NameValuePair><name>bw.platform.services.retreiveresources.isSecure</name><value>false</value></NameValuePair><NameValuePair><name>bw.platform.services.retreiveresources.identity</name><value>/Identity_HTTPConnection.id</value></NameValuePair><NameValuePair><name>bw.log4j.configuration</name><value/></NameValuePair></NVPairs><failureCount>0</failureCount><failureInterval>0</failureInterval><bwprocesses><bwprocess name="Services/HR/SfEmployee-USPayroll-Out-WFN/Starter/UsPayroll-WFN-TriggerFromWebPage.process"><starter>HTTP Receiver</starter><enabled>true</enabled><maxJob>0</maxJob><activation>true</activation><flowLimit>0</flowLimit></bwprocess><bwprocess name="Services/HR/SfEmployee-USPayroll-Out-WFN/Starter/OnTrigger.process"><starter>OnTrigger</starter><enabled>true</enabled><maxJob>0</maxJob><activation>true</activation><flowLimit>0</flowLimit></bwprocess><bwprocess name="Services/Transco/onStartupLoadTransco.process"><starter>onStartup</starter><enabled>true</enabled><maxJob>0</maxJob><activation>true</activation><flowLimit>0</flowLimit></bwprocess><bwprocess name="Services/HR/SfEmployee-USPayroll-In/mainWFN.process"><starter>JMSReceiveUSPayroll</starter><enabled>true</enabled><maxJob>0</maxJob><activation>true</activation><flowLimit>0</flowLimit></bwprocess><bwprocess name="Services/HR/SfEmployee-USPayroll-In/Starter/OnTrigger.process"><starter>OnTrigger</starter><enabled>true</enabled><maxJob>0</maxJob><activation>true</activation><flowLimit>0</flowLimit></bwprocess><bwprocess name="Services/Transco/onTriggerLoadTransco.process"><starter>JMS Queue Receiver</starter><enabled>true</enabled><maxJob>0</maxJob><activation>true</activation><flowLimit>0</flowLimit></bwprocess><bwprocess name="Services/Transco/onTimerLoadTransco.process"><starter>Timer</starter><enabled>true</enabled><maxJob>0</maxJob><activation>true</activation><flowLimit>0</flowLimit></bwprocess></bwprocesses><isFt>true</isFt><faultTolerant><hbInterval>10000</hbInterval><activationInterval>35000</activationInterval><preparationDelay>0</preparationDelay></faultTolerant></bw></services></application>